#,Keyword,Position,Position History,Position History Date,Volume,URL,Difficulty,Traffic (desc),CPC,Last Update,Page URL inside,SERP Features,Website
1,apptus,1,1,,2900,https://www.apptus.com/,1,778,3,1/23/2020 6:45,,"Adwords top, Sitelinks, Top stories, Thumbnail, People also ask, Video",apptus.com
2,apptus,1,1,,2900,https://www.apptus.com/career,1,14,3,1/23/2020 6:45,Sitelinks,"Adwords top, Sitelinks, Top stories, Thumbnail, People also ask, Video",apptus.com
3,apptus,1,1,,2900,https://www.apptus.com/customers,1,14,3,1/23/2020 6:45,Sitelinks,"Adwords top, Sitelinks, Top stories, Thumbnail, People also ask, Video",apptus.com
4,apptus,1,1,,2900,https://www.apptus.com/about,1,14,3,1/23/2020 6:45,Sitelinks,"Adwords top, Sitelinks, Top stories, Thumbnail, People also ask, Video",apptus.com
5,apptus,1,1,,2900,https://www.apptus.com/product/esales-enterprise,1,14,3,1/23/2020 6:45,Sitelinks,"Adwords top, Sitelinks, Top stories, Thumbnail, People also ask, Video",apptus.com
6,apptus,1,1,,2900,https://www.apptus.com/log-in,1,14,3,1/23/2020 6:45,Sitelinks,"Adwords top, Sitelinks, Top stories, Thumbnail, People also ask, Video",apptus.com
7,apptus,1,1,,2900,https://www.apptus.com/contact,1,14,3,1/23/2020 6:45,Sitelinks,"Adwords top, Sitelinks, Top stories, Thumbnail, People also ask, Video",apptus.com
8,apptus com,1,1,,20,https://www.apptus.com/,6,7,0.6,12/27/2019 2:46,,"Adwords top, Sitelinks, People also ask, Top stories, Thumbnail, Video, Image pack",apptus.com
9,apttus logo,4,8,12/19/2019 4:26,80,https://www.apptus.com/,32,7,,1/19/2020 12:53,,"Sitelinks, People also ask",apptus.com
10,what is apptus,1,1,,20,https://www.apptus.com/,9,7,,1/22/2020 19:22,,"Sitelinks, People also ask, Top stories, Thumbnail",apptus.com
11,apptus careers,5,4,12/21/2019 23:06,60,https://www.apptus.com/career,3,4.5,,1/21/2020 7:30,,People also ask,apptus.com
12,apptus technologies,1,1,,10,https://www.apptus.com/,7,4,6,1/14/2020 6:20,,"Adwords top, Sitelinks, Top stories, Thumbnail, People also ask, Video, Image pack",apptus.com
13,apttus,16,17,1/20/2020 18:20,7100,https://www.apptus.com/,12,3.8,4.5,1/22/2020 21:19,,"Adwords top, Sitelinks, People also ask, Tweet box, Top stories, Thumbnail",apptus.com
14,apptus logo,2,2,,30,https://www.apptus.com/,3,3.6,,12/26/2019 12:56,,"Image pack, Sitelinks",apptus.com
15,apptus careers,7,7,,60,https://www.apptus.com/career-apptus-de,3,2.9,,1/21/2020 7:30,,People also ask,apptus.com
16,what is apptus,3,3,,20,https://www.apptus.com/about,9,2.4,,1/22/2020 19:22,,"Sitelinks, People also ask, Top stories, Thumbnail",apptus.com
17,esales,12,12,,700,https://www.apptus.com/,6,2.2,0.8,1/19/2020 2:57,,"Adwords top, Sitelinks, Top stories, Thumbnail",apptus.com
18,apttus wiki,12,12,,150,https://www.apptus.com/about,12,2.1,16,1/10/2020 11:09,,"People also ask, Image pack",apptus.com
19,all about e,20,20,,1400,https://www.apptus.com/blog,1,2,0.1,1/17/2020 13:45,,"Knowledge card, Sitelinks, Top stories, Thumbnail",apptus.com
20,esales,13,25,1/10/2020 21:36,700,https://www.apptus.com/solutions/esales-apps,6,1.8,0.8,1/19/2020 2:57,,"Adwords top, Sitelinks, Top stories, Thumbnail",apptus.com
21,products banners,11,11,,80,https://www.apptus.com/solutions/banner-ads,0,1.7,7,12/25/2019 14:45,,Image pack,apptus.com
22,apttus wiki,13,13,,150,https://www.apptus.com/,12,1.7,16,1/10/2020 11:09,,"People also ask, Image pack",apptus.com
23,long tail graph,1,1,,50,https://www.apptus.com/blog/the-long-tail-and-the-head-care-for-both/,27,1.5,,12/23/2019 9:13,Image pack,"Image pack, Sitelinks, People also ask, Top stories, Thumbnail",apptus.com
24,banner ads,37,34,1/18/2020 8:27,5600,https://www.apptus.com/solutions/banner-ads,42,0.96,7,1/21/2020 5:53,,"Adwords top, Sitelinks, Featured snippet, Thumbnail, People also ask, Top stories, Adwords bottom",apptus.com
25,apttus address,14,14,,80,https://www.apptus.com/,7,0.83,,1/16/2020 17:52,,"People also ask, Video",apptus.com
26,apptus logo,1,1,,30,https://www.apptus.com/about,3,0.82,,12/26/2019 12:56,Image pack,"Image pack, Sitelinks",apptus.com
27,apptus logo,1,1,,30,https://www.apptus.com/,3,0.82,,12/26/2019 12:56,Image pack,"Image pack, Sitelinks",apptus.com
28,apptus logo,1,1,,30,https://www.apptus.com/partners,3,0.82,,12/26/2019 12:56,Image pack,"Image pack, Sitelinks",apptus.com
29,apptus logo,1,1,,30,https://www.apptus.com/news/apptus-and-na-kd-at-internetretailing-conference,3,0.82,,12/26/2019 12:56,Image pack,"Image pack, Sitelinks",apptus.com
30,esale,18,18,,500,https://www.apptus.com/,21,0.52,0.7,1/22/2020 7:13,,"Adwords top, Sitelinks, Top stories, Thumbnail",apptus.com
31,adlibris books,15,18,12/16/2019 10:00,60,https://www.apptus.com/case-studies/trend-sensitive-category-lists-proves-invaluable-to-retailer,2,0.52,0.3,1/15/2020 22:17,,"Adwords top, Sitelinks, People also ask",apptus.com
32,ecommerice,16,16,,80,https://www.apptus.com/resources/personalisation-isnt-everything,0,0.51,,12/29/2019 18:21,,"Image pack, Video",apptus.com
33,apttus ecommerce,12,12,,30,https://www.apptus.com/,0,0.47,,12/25/2019 13:41,,"Adwords top, Sitelinks, Top stories, Thumbnail, Image pack, Adwords bottom",apptus.com
34,apttus wikipedia,13,13,,40,https://www.apptus.com/about,12,0.44,,1/16/2020 9:09,,People also ask,apptus.com
35,apttus wikipedia,14,14,,40,https://www.apptus.com/,12,0.35,,1/16/2020 9:09,,People also ask,apptus.com
36,martina hansen,15,27,12/2/2019 11:43,40,https://www.apptus.com/blog/author/martina-hansen,0,0.34,,1/1/2020 4:19,,Image pack,apptus.com
37,long tail products,8,8,,80,https://www.apptus.com/blog/the-long-tail-and-the-head-care-for-both/,22,0.3,,12/27/2019 2:20,Image pack,"Featured snippet, Thumbnail, People also ask, Image pack, Sitelinks, Top stories, Adwords bottom",apptus.com
38,product exposure,17,18,12/18/2019 13:57,50,https://www.apptus.com/solutions/exposure-strategies,5,0.25,,1/18/2020 22:04,,"Featured snippet, Thumbnail, People also ask, Sitelinks",apptus.com
39,short head long tail,16,16,,40,https://www.apptus.com/blog/the-long-tail-and-the-head-care-for-both/,12,0.24,,1/11/2020 22:33,,"Featured snippet, Thumbnail, Image pack, People also ask, Top stories",apptus.com
40,apttus logo,4,4,,80,https://www.apptus.com/about,32,0.19,,1/19/2020 12:53,Sitelinks,"Sitelinks, People also ask",apptus.com
41,apttus logo,4,4,,80,https://www.apptus.com/career,32,0.19,,1/19/2020 12:53,Sitelinks,"Sitelinks, People also ask",apptus.com
42,apttus logo,4,4,,80,https://www.apptus.com/contact,32,0.19,,1/19/2020 12:53,Sitelinks,"Sitelinks, People also ask",apptus.com
43,what is apptus,1,1,,20,https://www.apptus.com/about,9,0.18,,1/22/2020 19:22,Sitelinks,"Sitelinks, People also ask, Top stories, Thumbnail",apptus.com
44,what is apptus,1,1,,20,https://www.apptus.com/contact,9,0.18,,1/22/2020 19:22,Sitelinks,"Sitelinks, People also ask, Top stories, Thumbnail",apptus.com
45,what is apptus,1,1,,20,https://www.apptus.com/career,9,0.18,,1/22/2020 19:22,Sitelinks,"Sitelinks, People also ask, Top stories, Thumbnail",apptus.com
46,what is apptus,1,1,,20,https://www.apptus.com/academy,9,0.18,,1/22/2020 19:22,Sitelinks,"Sitelinks, People also ask, Top stories, Thumbnail",apptus.com
47,long tail graph,19,15,11/26/2019 23:15,50,https://www.apptus.com/blog/the-long-tail-and-the-head-care-for-both/,27,0.17,,12/23/2019 9:13,,"Image pack, Sitelinks, People also ask, Top stories, Thumbnail",apptus.com
48,website banner ads,24,81,11/26/2019 0:36,100,https://www.apptus.com/solutions/banner-ads,35,0.13,10,12/23/2019 15:22,,"Adwords top, Sitelinks, People also ask, Top stories, Thumbnail, Image pack",apptus.com
49,apptus com,1,1,,20,https://www.apptus.com/contact,6,0.13,0.6,12/27/2019 2:46,Sitelinks,"Adwords top, Sitelinks, People also ask, Top stories, Thumbnail, Video, Image pack",apptus.com
50,apptus com,1,1,,20,https://www.apptus.com/career,6,0.13,0.6,12/27/2019 2:46,Sitelinks,"Adwords top, Sitelinks, People also ask, Top stories, Thumbnail, Video, Image pack",apptus.com
51,apptus com,1,1,,20,https://www.apptus.com/about,6,0.13,0.6,12/27/2019 2:46,Sitelinks,"Adwords top, Sitelinks, People also ask, Top stories, Thumbnail, Video, Image pack",apptus.com
52,apptus com,1,1,,20,https://www.apptus.com/customers,6,0.13,0.6,12/27/2019 2:46,Sitelinks,"Adwords top, Sitelinks, People also ask, Top stories, Thumbnail, Video, Image pack",apptus.com
53,apptus com,1,1,,20,https://www.apptus.com/log-in,6,0.13,0.6,12/27/2019 2:46,Sitelinks,"Adwords top, Sitelinks, People also ask, Top stories, Thumbnail, Video, Image pack",apptus.com
54,apptus com,1,1,,20,https://www.apptus.com/product/esales-enterprise,6,0.13,0.6,12/27/2019 2:46,Sitelinks,"Adwords top, Sitelinks, People also ask, Top stories, Thumbnail, Video, Image pack",apptus.com
55,apptus technologies,1,1,,10,https://www.apptus.com/product/esales-enterprise,7,0.11,6,1/14/2020 6:20,Sitelinks,"Adwords top, Sitelinks, Top stories, Thumbnail, People also ask, Video, Image pack",apptus.com
56,apptus technologies,1,1,,10,https://www.apptus.com/career,7,0.11,6,1/14/2020 6:20,Sitelinks,"Adwords top, Sitelinks, Top stories, Thumbnail, People also ask, Video, Image pack",apptus.com
57,apptus technologies,1,1,,10,https://www.apptus.com/about,7,0.11,6,1/14/2020 6:20,Sitelinks,"Adwords top, Sitelinks, Top stories, Thumbnail, People also ask, Video, Image pack",apptus.com
58,apptus technologies,1,1,,10,https://www.apptus.com/contact,7,0.11,6,1/14/2020 6:20,Sitelinks,"Adwords top, Sitelinks, Top stories, Thumbnail, People also ask, Video, Image pack",apptus.com
59,online merchandising,28,25,12/11/2019 6:53,300,https://www.apptus.com/blog/online-merchandising-timing-is-everything,3,0.11,6,1/10/2020 20:36,,"People also ask, Sitelinks, Top stories, Thumbnail",apptus.com
60,personal recommendations,17,85,11/26/2019 10:57,20,https://www.apptus.com/solutions/product-recommendations,18,0.11,,12/24/2019 1:41,,"Sitelinks, People also ask, Image pack",apptus.com
61,kicks.se,20,23,12/16/2019 23:35,40,https://www.apptus.com/hs/cta/cta/redirect/1823543/5f6bc8b2-fb30-437d-a641-24996c406b2c,0,0.1,,1/15/2020 19:39,,"Sitelinks, Top stories, Thumbnail",apptus.com
62,merchandiser wiki,21,19,12/6/2019 2:04,50,https://www.apptus.com/,33,0.1,,1/6/2020 7:08,,"Sitelinks, People also ask",apptus.com
63,broedrene dahl,24,28,12/22/2019 21:52,90,https://www.apptus.com/case-studies/brodrene-dahl,0,0.1,,1/22/2020 8:18,,"Sitelinks, Top stories, Thumbnail, Video",apptus.com
64,e-sales,18,21,12/7/2019 16:53,20,https://www.apptus.com/solutions/esales-apps,1,0.09,,1/7/2020 14:28,,"Adwords top, Sitelinks, Image pack",apptus.com
65,kicks se,20,23,12/14/2019 5:25,30,https://www.apptus.com/hs/cta/cta/redirect/1823543/5f6bc8b2-fb30-437d-a641-24996c406b2c,0,0.07,,1/13/2020 19:47,,"Sitelinks, Top stories, Thumbnail, Image pack",apptus.com
66,online banner advertising,23,23,,50,https://www.apptus.com/solutions/banner-ads,42,0.07,10,12/27/2019 1:31,,"Adwords top, Sitelinks, People also ask, Top stories, Thumbnail, Adwords bottom, Image pack",apptus.com
67,apptus logo,2,2,,30,https://www.apptus.com/career,3,0.07,,12/26/2019 12:56,Sitelinks,"Image pack, Sitelinks",apptus.com
68,apptus logo,2,2,,30,https://www.apptus.com/contact,3,0.07,,12/26/2019 12:56,Sitelinks,"Image pack, Sitelinks",apptus.com
69,apptus logo,2,2,,30,https://www.apptus.com/log-in,3,0.07,,12/26/2019 12:56,Sitelinks,"Image pack, Sitelinks",apptus.com
70,apptus logo,2,2,,30,https://www.apptus.com/customers,3,0.07,,12/26/2019 12:56,Sitelinks,"Image pack, Sitelinks",apptus.com
71,apptus logo,2,2,,30,https://www.apptus.com/blog,3,0.07,,12/26/2019 12:56,Sitelinks,"Image pack, Sitelinks",apptus.com
72,apptus logo,2,2,,30,https://www.apptus.com/about,3,0.07,,12/26/2019 12:56,Sitelinks,"Image pack, Sitelinks",apptus.com
73,search result design,23,30,12/19/2019 9:24,50,https://www.apptus.com/blog/best-practice-ecommerce-site-search,8,0.06,11,1/19/2020 16:59,,"Adwords top, Sitelinks, People also ask",apptus.com
74,bygghemmas,26,26,,90,https://www.apptus.com/case-studies/automation-increased-overall-profit-by-12-percent,3,0.06,0.3,12/24/2019 11:15,,"Sitelinks, Image pack",apptus.com
75,ecomize,24,26,12/15/2019 16:59,50,https://www.apptus.com/ecomize_ms_portal,0,0.05,,1/15/2020 7:57,,Sitelinks,apptus.com
76,e commerce banners,23,33,11/28/2019 7:38,40,https://www.apptus.com/solutions/banner-ads,0,0.05,10,12/26/2019 17:49,,"Sitelinks, Top stories, Thumbnail, Adwords bottom, Knowledge panel",apptus.com
77,ai e,25,25,,40,https://www.apptus.com/,35,0.04,1,1/21/2020 16:38,,"People also ask, Sitelinks, Top stories, Thumbnail, Video",apptus.com
78,short head media,20,17,12/7/2019 22:16,10,https://www.apptus.com/blog/the-long-tail-and-the-head-care-for-both/,0,0.03,,1/6/2020 14:52,,"Featured snippet, People also ask, Image pack, Video",apptus.com
79,bygghemma,31,24,12/13/2019 20:56,100,https://www.apptus.com/case-studies/automation-increased-overall-profit-by-12-percent,5,0.03,0.35,1/13/2020 12:12,,"Sitelinks, Top stories, Thumbnail",apptus.com
80,polarn pyret,34,30,11/26/2019 23:48,200,https://www.apptus.com/news/apptus-welcomes-polarn-o.-pyret,7,0.02,,12/23/2019 11:20,,"Sitelinks, Image pack",apptus.com
81,long tail effect,33,28,12/2/2019 2:03,150,https://www.apptus.com/blog/the-long-tail-and-the-head-care-for-both/,37,0.02,,12/31/2019 14:46,,"Sitelinks, People also ask, Top stories, Thumbnail, Image pack",apptus.com
82,polarn o. pyret,35,42,12/13/2019 22:21,300,https://www.apptus.com/news/apptus-welcomes-polarn-o.-pyret,4,0.02,,1/13/2020 4:18,,"Adwords top, Sitelinks, Video, Image pack",apptus.com
83,real esales,28,28,,40,https://www.apptus.com/product/esales-fashion,0,0.02,6,1/20/2020 0:00,,Video,apptus.com
84,opposite of promotion,32,42,12/9/2019 20:21,300,https://www.apptus.com/solutions/promotions-demotions,17,0.02,,1/9/2020 18:23,,People also ask,apptus.com
85,ecommerce banners,28,35,11/29/2019 3:38,40,https://www.apptus.com/solutions/banner-ads,0,0.02,6,12/27/2019 10:39,,"Adwords top, Sitelinks, Top stories, Thumbnail, Knowledge panel",apptus.com
86,fb30 results,27,30,12/8/2019 9:31,30,https://www.apptus.com/hs/cta/cta/redirect/1823543/5f6bc8b2-fb30-437d-a641-24996c406b2c,0,0.02,,1/8/2020 4:42,,"Video, Image pack",apptus.com
87,apttus corp,25,25,,20,https://www.apptus.com/,24,0.02,2,1/15/2020 16:26,,"Adwords top, Sitelinks, People also ask, Top stories, Thumbnail, Adwords bottom",apptus.com
88,cdon,40,42,1/6/2020 14:36,1900,https://www.apptus.com/case-studies/automated-on-site-search-solution-boost-conversion-rate,22,0.02,0.4,1/14/2020 19:58,,"Sitelinks, Image pack",apptus.com
89,longtail effect,32,34,12/18/2019 1:38,80,https://www.apptus.com/blog/the-long-tail-and-the-head-care-for-both/,36,0.02,,1/18/2020 18:33,,"Featured snippet, Thumbnail, Sitelinks, People also ask, Top stories",apptus.com
90,create website banner,32,32,,80,https://www.apptus.com/solutions/banner-ads,62,0.02,8,12/24/2019 12:52,,"Adwords top, Sitelinks, People also ask, Top stories, Thumbnail, Image pack",apptus.com
91,search result page design,29,29,,40,https://www.apptus.com/blog/best-practice-ecommerce-site-search,8,0.01,,1/17/2020 1:58,,People also ask,apptus.com
92,what is banner advertising,30,71,12/8/2019 3:44,50,https://www.apptus.com/solutions/banner-ads,34,0.01,8,1/8/2020 4:25,,People also ask,apptus.com
93,long tail products,33,33,,80,https://www.apptus.com/blog/the-long-tail-and-the-head-care-for-both/,22,0.01,,12/27/2019 2:20,,"Featured snippet, Thumbnail, People also ask, Image pack, Sitelinks, Top stories, Adwords bottom",apptus.com
94,load more suggestions,27,55,11/26/2019 21:31,20,https://www.apptus.com/blog/best-practice-ecommerce-site-search,0,0.01,,12/23/2019 7:26,,Video,apptus.com
95,apttus university,31,53,12/20/2019 4:30,50,https://www.apptus.com/about,0,0.01,,1/20/2020 7:14,,"Top stories, Thumbnail, People also ask",apptus.com
96,ikea jonas,29,28,12/14/2019 11:54,30,https://www.apptus.com/news/former-ikea-global-ecommerce-manager-to-speak-at-irx-19,0,0.01,,1/14/2020 1:49,,"Top stories, Thumbnail, Knowledge panel",apptus.com
97,esale solutions,29,25,11/28/2019 23:41,30,https://www.apptus.com/about,0,0.01,,12/26/2019 18:16,,Image pack,apptus.com
98,portaltech reply,28,31,11/29/2019 13:50,20,https://www.apptus.com/portaltech_ms_portal,0,0.01,,12/27/2019 10:32,,"Sitelinks, Top stories, Thumbnail, Video, Image pack",apptus.com
99,amazing kicks,30,27,12/1/2019 5:23,30,https://www.apptus.com/hs/cta/cta/redirect/1823543/5f6bc8b2-fb30-437d-a641-24996c406b2c,0,0.01,0.15,12/30/2019 19:34,,"Video, Image pack, Thumbnail",apptus.com
100,long tail theory,39,35,12/4/2019 2:27,350,https://www.apptus.com/blog/the-long-tail-and-the-head-care-for-both/,37,0.01,,1/3/2020 9:13,,"People also ask, Sitelinks, Top stories, Thumbnail, Image pack",apptus.com
101,website advertising banners,30,30,,30,https://www.apptus.com/solutions/banner-ads,38,0.01,,12/23/2019 0:23,,"Adwords top, Sitelinks, Featured snippet, Thumbnail, People also ask, Image pack, Top stories, Adwords bottom",apptus.com
102,online banners ads,37,36,12/20/2019 14:14,150,https://www.apptus.com/solutions/banner-ads,43,0.01,10,1/20/2020 1:35,,"Adwords top, Top stories, Thumbnail, People also ask, Adwords bottom, Sitelinks",apptus.com
103,luft manual,29,39,12/2/2019 10:59,20,https://www.apptus.com/blog/author/florian-luft,0,0.01,,1/1/2020 3:17,,Video,apptus.com
104,portaltech,30,28,12/1/2019 19:39,20,https://www.apptus.com/portaltech_ms_portal,0,0.01,,12/30/2019 15:11,,"Sitelinks, Top stories, Thumbnail, Image pack, Video",apptus.com
105,web banner ads,36,42,12/15/2019 1:52,200,https://www.apptus.com/solutions/banner-ads,40,0.01,6,1/15/2020 1:09,,"Adwords top, Sitelinks, People also ask, Top stories, Thumbnail, Adwords bottom",apptus.com
106,andrew fowler facebook,29,24,12/1/2019 4:29,20,https://www.apptus.com/knowledge-base/author/andrew-fowler,0,0.01,,12/30/2019 7:20,,"Sitelinks, Image pack, Video",apptus.com
107,ai banners,30,31,12/16/2019 7:46,20,https://www.apptus.com/solutions/banner-ads,9,0.01,,1/15/2020 15:57,,"Sitelinks, Top stories, Thumbnail, Knowledge panel",apptus.com
108,stayhard,38,46,12/14/2019 6:02,100,https://www.apptus.com/apptus-distancify-success-at-stayhard,1,0.01,0.5,1/14/2020 8:05,,"Top stories, Thumbnail",apptus.com
109,cdon c om,38,37,11/30/2019 3:26,100,https://www.apptus.com/case-studies/automated-on-site-search-solution-boost-conversion-rate,5,0.01,0.35,12/28/2019 23:37,,"Sitelinks, Image pack",apptus.com
110,the long tail theory,35,28,12/9/2019 10:01,50,https://www.apptus.com/blog/the-long-tail-and-the-head-care-for-both/,51,0,,1/8/2020 21:22,,"Featured snippet, Thumbnail, People also ask, Sitelinks, Top stories, Image pack",apptus.com
111,cdon no,31,47,12/3/2019 20:44,20,https://www.apptus.com/case-studies/automated-on-site-search-solution-boost-conversion-rate,2,0,,1/2/2020 1:38,,"Sitelinks, Video",apptus.com
112,products banner design,31,36,12/13/2019 0:29,20,https://www.apptus.com/solutions/banner-ads,18,0,,1/13/2020 12:25,,"Image pack, Sitelinks, Top stories, Thumbnail, People also ask",apptus.com
113,esales connect,31,31,,20,https://www.apptus.com/,0,0,,1/13/2020 17:50,,"Image pack, Video",apptus.com
114,boost promotion,33,33,,30,https://www.apptus.com/solutions/promotions-demotions,31,0,1.8,1/11/2020 12:19,,"Adwords top, Sitelinks, People also ask, Top stories, Thumbnail, Image pack, Shopping results",apptus.com
115,e.sales,42,21,12/10/2019 2:46,200,https://www.apptus.com/solutions/esales-apps,0,0,1.9,1/10/2020 11:43,,"Adwords top, Sitelinks",apptus.com
116,how do promotions work,36,36,,50,https://www.apptus.com/solutions/promotions-demotions,35,0,,1/14/2020 14:55,,"Featured snippet, People also ask",apptus.com
117,vf corporation wiki,36,39,11/26/2019 1:21,50,https://www.apptus.com/about,26,0,,12/23/2019 11:34,,"Sitelinks, People also ask, Image pack",apptus.com
118,correct products,41,41,,150,https://www.apptus.com/blog/pick-the-correct-recommendations-algorithms,0,0,0.3,1/17/2020 15:38,,Sitelinks,apptus.com
119,best website banners,36,36,,40,https://www.apptus.com/solutions/banner-ads,14,0,4,12/25/2019 4:48,,"Image pack, People also ask, Top stories, Thumbnail",apptus.com
120,faceted navigation,45,47,12/12/2019 19:50,300,https://www.apptus.com/solutions/site-navigation,40,0,,1/11/2020 21:39,,"Featured snippet, Thumbnail, Sitelinks, Top stories, People also ask",apptus.com
121,fashion faux pas definition,39,29,12/12/2019 23:44,80,https://www.apptus.com/blog/fashion-faux-pas-time-to-cross-the-online-merchandising-chasm,3,0,,1/11/2020 23:40,,"Featured snippet, Thumbnail, People also ask, Top stories",apptus.com
122,what is a website banner,41,57,12/14/2019 10:27,100,https://www.apptus.com/solutions/banner-ads,11,0,,1/13/2020 23:59,,"Sitelinks, People also ask, Top stories, Thumbnail",apptus.com
123,pyret och polarn,35,40,12/19/2019 19:38,30,https://www.apptus.com/news/apptus-welcomes-polarn-o.-pyret,26,0,0.09,1/19/2020 18:25,,Sitelinks,apptus.com
124,roland berger wiki,31,36,11/29/2019 18:39,10,https://www.apptus.com/about,15,0,,12/26/2019 22:40,,"Sitelinks, People also ask, Image pack, Video",apptus.com
125,pyret,48,52,1/13/2020 10:19,600,https://www.apptus.com/news/apptus-welcomes-polarn-o.-pyret,25,0,,1/22/2020 16:59,,Sitelinks,apptus.com
126,ecommerce site search solutions,33,31,12/2/2019 16:31,20,https://www.apptus.com/solutions/site-search,3,0,10,1/1/2020 11:28,,"Adwords top, Sitelinks, Featured snippet, Thumbnail, Adwords bottom",apptus.com
127,apttus corporation,42,53,12/9/2019 11:06,150,https://www.apptus.com/,22,0,10,1/9/2020 18:14,,"Adwords top, Sitelinks, People also ask, Top stories, Thumbnail, Image pack, Adwords bottom",apptus.com
128,longtail theory,44,33,12/1/2019 14:45,200,https://www.apptus.com/blog/the-long-tail-and-the-head-care-for-both/,19,0,,12/31/2019 6:05,,"People also ask, Sitelinks, Top stories, Thumbnail, Image pack",apptus.com
129,a sisyphean task,38,33,12/7/2019 22:03,50,https://www.apptus.com/blog/manual-work-in-online-merchandising-is-a-sisyphean-task,26,0,,1/6/2020 22:59,,"Featured snippet, Thumbnail, People also ask, Sitelinks, Top stories, Image pack",apptus.com
130,what is a web banner,39,39,,60,https://www.apptus.com/solutions/banner-ads,21,0,3,1/11/2020 9:16,,"Top stories, Thumbnail, People also ask, Sitelinks",apptus.com
131,ecommerce navigation,34,37,12/16/2019 23:34,20,https://www.apptus.com/solutions/site-navigation,6,0,,1/17/2020 13:16,,"Adwords top, Sitelinks, Adwords bottom, Knowledge panel",apptus.com
132,website ad banners,36,36,,30,https://www.apptus.com/solutions/banner-ads,38,0,5,1/12/2020 6:36,,"Featured snippet, Thumbnail, People also ask, Image pack, Sitelinks, Top stories, Adwords bottom",apptus.com
133,merchandiser app,40,40,,200,https://www.apptus.com/solutions/esales-apps,4,0,3,1/2/2020 3:50,,"Top stories, Thumbnail, Knowledge panel",apptus.com
134,ecommerce search solutions,33,33,,10,https://www.apptus.com/solutions/site-search,3,0,16,12/25/2019 14:42,,"Adwords top, Sitelinks, Adwords bottom",apptus.com
135,long tail curve,34,41,12/3/2019 18:45,20,https://www.apptus.com/blog/the-long-tail-and-the-head-care-for-both/,36,0,,1/2/2020 1:07,,"Sitelinks, People also ask, Top stories, Thumbnail, Image pack",apptus.com
136,opposite of promoting,45,64,11/27/2019 17:49,200,https://www.apptus.com/solutions/promotions-demotions,20,0,,12/25/2019 2:11,,"Knowledge card, People also ask, Sitelinks",apptus.com
137,long tail product,41,42,12/18/2019 20:42,70,https://www.apptus.com/blog/the-long-tail-and-the-head-care-for-both/,12,0,11,1/18/2020 12:35,,"Featured snippet, Thumbnail, People also ask, Sitelinks, Top stories",apptus.com
138,www cdon com,33,26,12/5/2019 13:06,10,https://www.apptus.com/case-studies/automated-on-site-search-solution-boost-conversion-rate,5,0,,1/5/2020 4:13,,"Sitelinks, Top stories, Thumbnail, Image pack",apptus.com
139,banner adds,40,51,12/16/2019 7:54,60,https://www.apptus.com/solutions/banner-ads,43,0,2.5,1/16/2020 0:35,,"Adwords top, Sitelinks, Featured snippet, Thumbnail, People also ask, Top stories, Adwords bottom",apptus.com
140,the long tail effect,33,33,,10,https://www.apptus.com/blog/the-long-tail-and-the-head-care-for-both/,37,0,,12/27/2019 18:43,,"Featured snippet, Thumbnail, People also ask, Sitelinks, Top stories, Image pack",apptus.com
141,banners ads,38,94,11/28/2019 10:50,30,https://www.apptus.com/solutions/banner-ads,37,0,5,12/26/2019 19:19,,"Adwords top, Sitelinks, People also ask, Adwords bottom, Image pack",apptus.com
142,ab search,37,42,12/5/2019 15:57,30,https://www.apptus.com/,31,0,,1/5/2020 0:11,,"Sitelinks, Top stories, Thumbnail",apptus.com
143,ad libris,41,36,12/2/2019 21:46,70,https://www.apptus.com/case-studies/trend-sensitive-category-lists-proves-invaluable-to-retailer,2,0,,1/1/2020 0:47,,"Sitelinks, Top stories, Thumbnail, Image pack",apptus.com
144,go online ai,35,35,,20,https://www.apptus.com/blog/online-merchandising-and-ai-fashion-retailers-must-let-go,65,0,,1/1/2020 5:52,,"Sitelinks, Top stories, Thumbnail, People also ask",apptus.com
145,banner advertising,47,64,1/11/2020 10:52,800,https://www.apptus.com/solutions/banner-ads,37,0,8,1/19/2020 23:06,,"Adwords top, Sitelinks, Featured snippet, Thumbnail, People also ask, Adwords bottom, Shopping results",apptus.com
146,what is ecommerce merchandising,36,29,12/3/2019 15:24,20,https://www.apptus.com/blog/ecommerce-merchandising-man-vs-machine,4,0,,1/2/2020 22:17,,"Adwords top, Sitelinks, Featured snippet, People also ask, Top stories, Thumbnail, Adwords bottom",apptus.com
147,web banner ad,44,62,12/13/2019 21:57,100,https://www.apptus.com/solutions/banner-ads,30,0,10,1/13/2020 9:24,,"Adwords top, Sitelinks, People also ask, Top stories, Thumbnail, Adwords bottom",apptus.com
148,as seen on banner,42,42,,80,https://www.apptus.com/solutions/banner-ads,2,0,,1/5/2020 17:59,,"Image pack, Video, Shopping results, Thumbnail",apptus.com
149,on promotions,36,45,12/2/2019 21:22,20,https://www.apptus.com/solutions/promotions-demotions,26,0,,1/1/2020 12:14,,Sitelinks,apptus.com
150,best web banners,40,79,11/27/2019 15:28,50,https://www.apptus.com/solutions/banner-ads,22,0,10,12/25/2019 2:06,,"Image pack, Top stories, Thumbnail, People also ask",apptus.com
151,best web banner ads,34,34,,10,https://www.apptus.com/solutions/banner-ads,26,0,,1/8/2020 1:08,,"Adwords top, Sitelinks, Featured snippet, Top stories, Thumbnail, Image pack, People also ask, Adwords bottom",apptus.com
152,banner ad,72,71,1/17/2020 11:49,3200,https://www.apptus.com/solutions/banner-ads,41,0,9,1/20/2020 19:10,,"Adwords top, Sitelinks, Featured snippet, Thumbnail, People also ask, Top stories, Adwords bottom",apptus.com
153,gross city product,35,35,,10,https://www.apptus.com/news/new-customer-city-gross,49,0,,12/30/2019 12:48,,"Sitelinks, People also ask, Image pack",apptus.com
154,rich autocomplete,37,37,,20,https://www.apptus.com/blog/search-best-practice-rich-autocomplete,0,0,,1/2/2020 16:21,,"Top stories, Thumbnail",apptus.com
155,lyko,47,40,12/13/2019 20:35,350,https://www.apptus.com/case-studies/success-comes-with-less-heavy-lifting,1,0,0.03,1/13/2020 2:13,,"Sitelinks, Image pack, Top stories, Thumbnail",apptus.com
156,online shop banner,35,35,,10,https://www.apptus.com/solutions/banner-ads,57,0,,1/3/2020 11:27,,"Adwords top, Sitelinks, Image pack, Top stories, Thumbnail, People also ask",apptus.com
157,long tail phenomenon,46,47,11/30/2019 6:49,200,https://www.apptus.com/blog/the-long-tail-and-the-head-care-for-both/,35,0,,12/28/2019 21:38,,"Featured snippet, Thumbnail, People also ask, Sitelinks, Top stories, Image pack",apptus.com
158,stock promotions,44,44,,70,https://www.apptus.com/solutions/promotions-demotions,11,0,1,12/31/2019 12:35,,"Adwords top, Sitelinks, Featured snippet, Thumbnail, People also ask, Adwords bottom",apptus.com
159,polarn and pyret,40,39,11/30/2019 3:31,30,https://www.apptus.com/news/apptus-welcomes-polarn-o.-pyret,26,0,,12/28/2019 10:07,,"Sitelinks, Image pack",apptus.com
160,ikea ecommerce,41,41,,30,https://www.apptus.com/news/former-ikea-global-ecommerce-manager-to-speak-at-irx-19,3,0,2,12/26/2019 11:46,,"Adwords top, Sitelinks, Top stories, Thumbnail, Knowledge panel",apptus.com
161,gross swedish food,43,43,,40,https://www.apptus.com/news/new-customer-city-gross,6,0,,1/15/2020 3:23,,"Featured snippet, Thumbnail, People also ask, Top stories, Sitelinks, Image pack",apptus.com
162,cdon.co m,47,34,12/11/2019 9:24,100,https://www.apptus.com/case-studies/automated-on-site-search-solution-boost-conversion-rate,38,0,0.35,1/11/2020 14:09,,"Sitelinks, Image pack",apptus.com
163,merchandising online,38,29,12/2/2019 15:47,10,https://www.apptus.com/blog/online-merchandising-timing-is-everything,8,0,,1/1/2020 16:14,,"People also ask, Sitelinks, Top stories, Thumbnail, Adwords bottom",apptus.com
164,polarn,49,42,11/27/2019 13:47,150,https://www.apptus.com/news/apptus-welcomes-polarn-o.-pyret,5,0,0.05,12/25/2019 10:11,,"Sitelinks, Image pack",apptus.com
165,ecommerce product recommendations,41,39,12/2/2019 14:30,20,https://www.apptus.com/solutions/product-recommendations,8,0,13,12/31/2019 15:00,,"Featured snippet, Thumbnail, Sitelinks, People also ask, Top stories, Adwords bottom",apptus.com
166,apptus linkedin,40,36,12/4/2019 20:18,20,https://www.apptus.com/partners,7,0,,1/3/2020 19:50,,"Sitelinks, People also ask, Video, Image pack",apptus.com
167,hubspot knowledge base,50,76,11/29/2019 7:09,150,https://www.apptus.com/knowledge-base/author/sample-hubspot-user,8,0,,12/27/2019 3:34,,"People also ask, Top stories, Thumbnail, Knowledge panel",apptus.com
168,cdon.com,48,38,12/15/2019 6:53,100,https://www.apptus.com/case-studies/automated-on-site-search-solution-boost-conversion-rate,5,0,0.35,1/15/2020 4:43,,Sitelinks,apptus.com
169,opposite of promoted,44,44,,40,https://www.apptus.com/solutions/promotions-demotions,17,0,,12/27/2019 22:33,,"Knowledge card, People also ask, Sitelinks",apptus.com
170,merchandising apps,43,44,12/9/2019 17:46,30,https://www.apptus.com/solutions/esales-apps,5,0,,1/9/2020 11:50,,"Top stories, Thumbnail, Adwords bottom, Sitelinks",apptus.com
171,internetretailing,39,28,11/29/2019 23:53,10,https://www.apptus.com/news/apptus-and-na-kd-at-internetretailing-conference,18,0,,12/27/2019 7:32,,"Sitelinks, Image pack",apptus.com
172,product banner design,41,60,12/13/2019 18:16,20,https://www.apptus.com/solutions/banner-ads,34,0,,1/13/2020 10:53,,"Adwords top, Sitelinks, Image pack, People also ask, Top stories, Thumbnail",apptus.com
173,marie li,44,93,12/3/2019 23:09,40,https://www.apptus.com/blog/author/marie-li-korse,0,0,,1/2/2020 3:08,,Image pack,apptus.com
174,pyret o polarn,42,41,12/10/2019 16:04,20,https://www.apptus.com/news/apptus-welcomes-polarn-o.-pyret,28,0,0.1,1/10/2020 16:18,,"Sitelinks, Video, Image pack",apptus.com
175,apttus software,43,25,11/26/2019 5:46,30,https://www.apptus.com/,8,0,2.5,12/23/2019 21:24,,"Adwords top, Sitelinks, People also ask, Top stories, Thumbnail, Image pack, Adwords bottom",apptus.com
176,web banner images,40,81,12/3/2019 19:23,20,https://www.apptus.com/solutions/banner-ads,4,0,,1/1/2020 22:36,,"Image pack, Sitelinks, Top stories, Thumbnail, People also ask",apptus.com
177,ome app,44,44,,40,https://www.apptus.com/solutions/esales-apps,15,0,,12/27/2019 15:48,,"People also ask, Top stories, Thumbnail, Video",apptus.com
178,search how,43,24,12/13/2019 4:05,30,https://www.apptus.com/blog/best-practice-ecommerce-site-search,82,0,,1/12/2020 20:47,,"Top stories, Thumbnail, People also ask",apptus.com
179,ecommerce site search best practices,39,39,,10,https://www.apptus.com/blog/best-practice-ecommerce-site-search,11,0,,1/15/2020 6:29,,"Adwords top, Sitelinks, Featured snippet, Thumbnail, Image pack, Adwords bottom",apptus.com
180,long tail retail,40,47,12/20/2019 5:58,10,https://www.apptus.com/blog/the-long-tail-and-the-head-care-for-both/,15,0,,1/20/2020 22:36,,"Featured snippet, Thumbnail, People also ask, Sitelinks, Top stories",apptus.com
181,class olsen,42,57,12/7/2019 18:20,20,https://www.apptus.com/news/clas-ohlson-goes-live-with-apptus-esales,7,0,,1/6/2020 21:12,,"Sitelinks, Tweet box, Image pack",apptus.com
182,codn com,50,41,12/9/2019 3:51,100,https://www.apptus.com/case-studies/automated-on-site-search-solution-boost-conversion-rate,6,0,0.5,1/9/2020 0:58,,"Sitelinks, Image pack",apptus.com
183,ad banners,51,51,,150,https://www.apptus.com/solutions/banner-ads,43,0,,1/10/2020 16:44,,"Adwords top, Sitelinks, People also ask, Top stories, Thumbnail, Adwords bottom",apptus.com
184,polarn o,45,35,12/5/2019 5:12,30,https://www.apptus.com/news/apptus-welcomes-polarn-o.-pyret,6,0,,1/4/2020 16:03,,"Sitelinks, Image pack, Video",apptus.com
185,kicks makeup,41,44,12/2/2019 9:39,10,https://www.apptus.com/hs/cta/cta/redirect/1823543/5f6bc8b2-fb30-437d-a641-24996c406b2c,3,0,6,1/1/2020 0:52,,"Sitelinks, Top stories, Thumbnail, Knowledge panel",apptus.com
186,kicksde,42,41,12/19/2019 21:02,20,https://www.apptus.com/download-case-kicks-de,0,0,,1/19/2020 10:04,,"Sitelinks, Video, Thumbnail",apptus.com
187,nordic company a merchandising company,41,45,12/11/2019 22:15,10,https://www.apptus.com/about,0,0,,1/11/2020 15:23,,Image pack,apptus.com
188,website banner advertisement,55,55,,250,https://www.apptus.com/solutions/banner-ads,40,0,8,1/6/2020 10:23,,"Adwords top, Sitelinks, Image pack, Top stories, Thumbnail, People also ask, Adwords bottom",apptus.com
189,bannerads,42,51,12/14/2019 20:38,10,https://www.apptus.com/solutions/banner-ads,43,0,7,1/14/2020 15:17,,"Adwords top, Featured snippet, Thumbnail, People also ask, Top stories, Adwords bottom, Sitelinks",apptus.com
190,mecommerce,48,55,12/14/2019 12:35,50,https://www.apptus.com/de/?__hstc=101209950.992e41c7c45c69136d1a9ffa50268c6f.1464998400057.1464998400058.1464998400059.1&__hssc=101209950.1.1464998400060&__hsfp=3105786926,0,0,,1/14/2020 0:41,,"Adwords top, Sitelinks, Top stories, Thumbnail, Image pack",apptus.com
191,boost commerce,42,81,12/3/2019 5:18,10,https://www.apptus.com/solutions/promotions-demotions,5,0,,1/3/2020 8:57,,"Adwords top, Sitelinks, Top stories, Thumbnail",apptus.com
192,banner shops,45,45,,20,https://www.apptus.com/solutions/banner-ads,12,0,5,1/7/2020 14:50,,"Image pack, People also ask",apptus.com
193,class ohlson,50,58,12/9/2019 20:45,60,https://www.apptus.com/news/clas-ohlson-goes-live-with-apptus-esales,8,0,,1/9/2020 10:38,,"Sitelinks, Tweet box, Top stories, Thumbnail, Image pack",apptus.com
194,web banner advertising,48,48,,40,https://www.apptus.com/solutions/banner-ads,40,0,11,1/5/2020 2:16,,"Adwords top, Sitelinks, People also ask, Top stories, Thumbnail, Adwords bottom",apptus.com
195,polar o pyret,45,44,12/4/2019 18:02,20,https://www.apptus.com/news/apptus-welcomes-polarn-o.-pyret,3,0,0.05,1/4/2020 0:25,,"Adwords top, Sitelinks, Image pack",apptus.com
196,fashion e,47,61,12/18/2019 5:48,30,https://www.apptus.com/product/esales-fashion,29,0,,1/18/2020 9:18,,"Sitelinks, Top stories, Thumbnail, People also ask",apptus.com
197,ecommerce merchandising,56,42,12/5/2019 18:53,200,https://www.apptus.com/blog/ecommerce-merchandising-man-vs-machine,4,0,9,1/4/2020 12:24,,"Featured snippet, Thumbnail, People also ask, Sitelinks, Top stories",apptus.com
198,site search best practices,47,40,12/3/2019 9:22,20,https://www.apptus.com/blog/best-practice-ecommerce-site-search,21,0,20,1/2/2020 14:35,,"Adwords top, Sitelinks, Featured snippet, People also ask, Image pack, Adwords bottom",apptus.com
199,na kd,34,34,,3700,https://www.apptus.com/news/apptus-and-na-kd-at-internetretailing-conference,17,0,0.7,1/20/2020 19:05,,"Sitelinks, Top stories, Thumbnail, Tweet box",apptus.com
200,director ecommerce,51,80,11/27/2019 9:15,40,https://www.apptus.com/news/former-ikea-global-ecommerce-manager-to-speak-at-irx-19,0,0,,12/25/2019 10:14,,"People also ask, Knowledge panel",apptus.com
201,apptus software,51,34,12/14/2019 1:47,40,https://www.apptus.com/,24,0,13,1/14/2020 7:54,,"Adwords top, Sitelinks, People also ask, Top stories, Thumbnail",apptus.com
202,search banner ads,49,63,12/4/2019 0:40,20,https://www.apptus.com/solutions/banner-ads,30,0,8,1/4/2020 2:30,,"Adwords top, Sitelinks, People also ask, Top stories, Thumbnail, Image pack",apptus.com
203,clas ohlsoon,55,51,12/1/2019 10:59,90,https://www.apptus.com/news/clas-ohlson-goes-live-with-apptus-esales,8,0,0.03,12/30/2019 19:39,,"Sitelinks, Top stories, Thumbnail, Image pack",apptus.com
204,online shopping banner,51,51,,30,https://www.apptus.com/solutions/banner-ads,0,0,,12/26/2019 8:39,,"Image pack, Top stories, Thumbnail",apptus.com
205,snow software wiki,49,45,12/22/2019 16:35,20,https://www.apptus.com/about,6,0,3.5,1/22/2020 23:10,,"People also ask, Sitelinks",apptus.com
206,diy merchandising,49,39,12/21/2019 11:25,20,https://www.apptus.com/case-studies/automation-increased-overall-profit-by-12-percent,3,0,,1/21/2020 23:41,,"People also ask, Top stories, Thumbnail",apptus.com
207,ww cdon com,49,34,12/19/2019 0:38,20,https://www.apptus.com/case-studies/automated-on-site-search-solution-boost-conversion-rate,5,0,1.4,1/19/2020 7:53,,"Sitelinks, Top stories, Thumbnail",apptus.com
208,fashion banner ads,48,45,12/21/2019 23:02,20,https://www.apptus.com/solutions/banner-ads,0,0,13,1/21/2020 8:24,,"Adwords top, Sitelinks, Top stories, Thumbnail",apptus.com
209,what are banner ads,55,43,11/25/2019 1:53,150,https://www.apptus.com/solutions/banner-ads,37,0,4,12/23/2019 4:24,,"People also ask, Top stories, Thumbnail, Image pack",apptus.com
210,sisyphean task,96,98,1/20/2020 2:22,5700,https://www.apptus.com/blog/manual-work-in-online-merchandising-is-a-sisyphean-task,24,0,0.05,1/22/2020 20:22,,"Featured snippet, Thumbnail, People also ask, Sitelinks, Top stories",apptus.com
211,what is the long tail theory,50,42,11/28/2019 5:10,20,https://www.apptus.com/blog/the-long-tail-and-the-head-care-for-both/,37,0,,12/25/2019 16:21,,"Featured snippet, Thumbnail, People also ask, Sitelinks, Top stories, Image pack",apptus.com
212,relevant product,57,72,12/20/2019 6:13,90,https://www.apptus.com/solutions/product-recommendations,1,0,0.09,1/20/2020 17:12,,"Featured snippet, Sitelinks, People also ask, Top stories, Thumbnail",apptus.com
213,site banner,56,33,12/1/2019 9:54,70,https://www.apptus.com/solutions/banner-ads,58,0,14,12/30/2019 17:25,,"Adwords top, Sitelinks, People also ask, Knowledge panel",apptus.com
214,manager speak,51,51,,20,https://www.apptus.com/news/former-ikea-global-ecommerce-manager-to-speak-at-irx-19,28,0,,12/29/2019 4:42,,"Top stories, Thumbnail, People also ask, Image pack, Video",apptus.com
215,what is apttus,55,60,11/27/2019 6:58,50,https://www.apptus.com/,8,0,20,12/25/2019 13:30,,"Adwords top, Sitelinks, People also ask, Top stories, Thumbnail, Tweet box, Image pack",apptus.com
216,academ y,55,55,,50,https://www.apptus.com/academy,64,0,0.3,12/25/2019 9:30,,"Sitelinks, Video, Image pack",apptus.com
217,shopware software,56,51,12/6/2019 7:37,60,https://www.apptus.com/product/esales-for-shopware/,1,0,,1/6/2020 10:06,,"Sitelinks, Top stories, Thumbnail, Image pack",apptus.com
218,kicks logo,55,43,12/21/2019 21:04,40,https://www.apptus.com/customers,11,0,,1/21/2020 7:33,,"Top stories, Thumbnail",apptus.com
219,ecommerce search software,50,50,,10,https://www.apptus.com/,25,0,,12/24/2019 0:44,,"Adwords top, Sitelinks, People also ask, Adwords bottom",apptus.com
220,merchandising app,62,83,11/27/2019 0:41,200,https://www.apptus.com/solutions/esales-apps,2,0,4,12/24/2019 20:51,,"Top stories, Thumbnail, Knowledge panel",apptus.com
221,website banner advertising,56,81,12/21/2019 2:15,50,https://www.apptus.com/solutions/banner-ads,37,0,8,1/21/2020 11:01,,"Adwords top, Sitelinks, People also ask, Adwords bottom",apptus.com
222,classohlson,54,51,12/2/2019 0:30,30,https://www.apptus.com/news/clas-ohlson-goes-live-with-apptus-esales,8,0,,1/1/2020 1:19,,"Sitelinks, Image pack, Thumbnail",apptus.com
223,synonyms for ecommerce,53,82,12/6/2019 3:52,20,https://www.apptus.com/blog/best-practice-ecommerce-site-search,0,0,,1/6/2020 10:01,,"Featured snippet, People also ask, Thumbnail",apptus.com
224,what is banner adverts,58,35,12/4/2019 8:55,70,https://www.apptus.com/solutions/banner-ads,38,0,,1/3/2020 18:38,,"Featured snippet, Thumbnail, People also ask, Top stories, Image pack",apptus.com
225,clas olson,56,50,12/12/2019 3:35,40,https://www.apptus.com/news/clas-ohlson-goes-live-with-apptus-esales,8,0,0.15,1/12/2020 10:14,,"Sitelinks, Tweet box, Image pack",apptus.com
226,let go online,62,33,12/9/2019 10:05,150,https://www.apptus.com/blog/online-merchandising-and-ai-fashion-retailers-must-let-go,38,0,1.1,1/9/2020 13:06,,"Sitelinks, People also ask, Top stories, Thumbnail",apptus.com
227,cd.on,55,41,12/9/2019 8:51,30,https://www.apptus.com/case-studies/automated-on-site-search-solution-boost-conversion-rate,6,0,0.03,1/9/2020 9:40,,"Sitelinks, Image pack",apptus.com
228,sungard wikipedia,51,52,12/18/2019 18:08,10,https://www.apptus.com/about,21,0,5,1/18/2020 15:15,,"Sitelinks, People also ask",apptus.com
229,clas olsson,59,46,12/13/2019 5:33,60,https://www.apptus.com/news/clas-ohlson-goes-live-with-apptus-esales,8,0,0.03,1/12/2020 21:07,,"Sitelinks, Tweet box, Top stories, Thumbnail, Image pack",apptus.com
230,ecommerce analysis,56,56,,30,https://www.apptus.com/blog/essential-metrics-and-actionable-insights-for-your-e-commerce-success,11,0,20,1/11/2020 14:34,,"Adwords top, Sitelinks, Featured snippet, Thumbnail, People also ask, Top stories, Adwords bottom",apptus.com
231,display banner ads,59,76,12/19/2019 4:07,60,https://www.apptus.com/solutions/banner-ads,23,0,16,1/19/2020 4:21,,"Adwords top, Sitelinks, People also ask, Top stories, Thumbnail",apptus.com
232,e commerce analysis,56,71,12/22/2019 9:56,30,https://www.apptus.com/blog/essential-metrics-and-actionable-insights-for-your-e-commerce-success,8,0,,1/22/2020 23:24,,"Adwords top, Sitelinks, People also ask, Top stories, Thumbnail, Adwords bottom",apptus.com
233,academay,63,63,,150,https://www.apptus.com/academy,89,0,0.25,1/15/2020 5:03,,"Sitelinks, People also ask, Top stories, Thumbnail",apptus.com
234,website banner ad,65,65,,200,https://www.apptus.com/solutions/banner-ads,39,0,8,12/29/2019 8:52,,"People also ask, Sitelinks, Top stories, Thumbnail, Image pack",apptus.com
235,acadomey,58,58,,40,https://www.apptus.com/academy,74,0,0.15,12/27/2019 17:16,,"Sitelinks, People also ask, Top stories, Thumbnail, Image pack",apptus.com
236,what are banner adverts,62,62,,80,https://www.apptus.com/solutions/banner-ads,38,0,4.5,1/17/2020 10:23,,"Adwords top, Sitelinks, Featured snippet, Thumbnail, People also ask, Top stories",apptus.com
237,esales com,56,56,,20,https://www.apptus.com/solutions/esales-apps,0,0,1,1/4/2020 14:07,,"Sitelinks, Image pack, Video",apptus.com
238,the opposite of promote,55,55,,20,https://www.apptus.com/solutions/promotions-demotions,17,0,,12/29/2019 23:36,,"Knowledge card, People also ask, Sitelinks",apptus.com
239,hellberg logo,54,39,12/4/2019 7:19,10,https://www.apptus.com/blog/author/marie-hellberg,8,0,,1/3/2020 19:56,,"Image pack, Sitelinks",apptus.com
240,dustin home,64,63,12/12/2019 17:50,100,https://www.apptus.com/case-studies/machine-learning-improves-customer-experience,1,0,1.1,1/11/2020 20:39,,"Sitelinks, Top stories, Thumbnail",apptus.com
241,product banner,61,33,11/29/2019 20:00,200,https://www.apptus.com/solutions/banner-ads,15,0,2.5,12/27/2019 4:52,,"People also ask, Top stories, Thumbnail, Knowledge panel",apptus.com
242,ecommerce ux best practices,58,60,12/12/2019 5:40,20,https://www.apptus.com/guides/ux-best-practises-on-site-search,7,0,,1/11/2020 21:42,,"Featured snippet, Thumbnail, Sitelinks",apptus.com
243,animated web banners,65,65,,100,https://www.apptus.com/solutions/banner-ads,2,0,3,12/26/2019 16:28,,"People also ask, Video, Adwords bottom, Sitelinks, Knowledge panel",apptus.com
244,make your own web banners,57,46,12/20/2019 11:15,20,https://www.apptus.com/solutions/banner-ads,63,0,,1/20/2020 9:17,,"Adwords top, Sitelinks, Top stories, Thumbnail, People also ask, Adwords bottom",apptus.com
245,e commerce synonym,61,73,12/5/2019 23:37,40,https://www.apptus.com/blog/best-practice-ecommerce-site-search,0,0,,1/5/2020 0:21,,"Featured snippet, People also ask",apptus.com
246,clasohlsson,58,45,12/13/2019 17:55,20,https://www.apptus.com/news/clas-ohlson-goes-live-with-apptus-esales,8,0,0.04,1/12/2020 18:42,,"Sitelinks, Top stories, Thumbnail, Image pack",apptus.com
247,clasolsson,60,50,11/29/2019 21:57,30,https://www.apptus.com/news/clas-ohlson-goes-live-with-apptus-esales,8,0,0.15,12/26/2019 21:28,,"Sitelinks, Image pack",apptus.com
248,ecommerce site search,63,63,,50,https://www.apptus.com/solutions/site-search,13,0,25,1/14/2020 8:30,,"Adwords top, Sitelinks, Adwords bottom, Knowledge panel",apptus.com
249,read the game changer online free,60,66,12/11/2019 9:35,20,https://www.apptus.com/reports/making-a-case-for-ai-in-online-merchandising,0,0,,1/11/2020 13:51,,"Adwords top, Video",apptus.com
250,website advertisement banner,61,67,12/14/2019 22:07,30,https://www.apptus.com/solutions/banner-ads,38,0,,1/14/2020 9:41,,"Adwords top, Sitelinks, People also ask, Top stories, Thumbnail, Adwords bottom, Knowledge panel",apptus.com
251,"the ""long tail"" is a phenomenon related to the",65,60,12/11/2019 17:48,70,https://www.apptus.com/blog/the-long-tail-and-the-head-care-for-both/,19,0,,1/10/2020 19:21,,,apptus.com
252,sysiphean task,66,55,11/30/2019 6:40,80,https://www.apptus.com/blog/manual-work-in-online-merchandising-is-a-sisyphean-task,21,0,,12/29/2019 16:14,,"Featured snippet, Thumbnail, People also ask, Sitelinks, Top stories, Image pack",apptus.com
253,search how to,67,42,12/7/2019 21:49,80,https://www.apptus.com/blog/best-practice-ecommerce-site-search,59,0,,1/6/2020 16:35,,"Top stories, Thumbnail, People also ask, Image pack",apptus.com
254,clas ohlsson,67,56,12/19/2019 0:41,80,https://www.apptus.com/news/clas-ohlson-goes-live-with-apptus-esales,7,0,0.07,1/19/2020 0:19,,Sitelinks,apptus.com
255,polarnopyret,70,60,12/14/2019 12:10,150,https://www.apptus.com/news/apptus-welcomes-polarn-o.-pyret,28,0,0.08,1/14/2020 3:50,,"Adwords top, Sitelinks, Image pack",apptus.com
256,logo with ab,68,68,,90,https://www.apptus.com/,0,0,,1/5/2020 1:24,,Image pack,apptus.com
257,ecommerce synonym,61,67,12/14/2019 16:07,20,https://www.apptus.com/blog/best-practice-ecommerce-site-search,0,0,,1/14/2020 1:13,,"Featured snippet, People also ask",apptus.com
258,clas ohlsons,66,65,12/10/2019 21:51,60,https://www.apptus.com/news/clas-ohlson-goes-live-with-apptus-esales,8,0,,1/10/2020 6:36,,"Sitelinks, Top stories, Thumbnail, Video, Image pack",apptus.com
259,e-commerce synonym,64,61,12/12/2019 1:22,30,https://www.apptus.com/blog/best-practice-ecommerce-site-search,0,0,,1/12/2020 3:44,,"Featured snippet, People also ask",apptus.com
260,banner advertisement,64,102,12/3/2019 3:28,200,https://www.apptus.com/solutions/banner-ads,38,0,8,1/1/2020 21:51,,"Adwords top, Sitelinks, Featured snippet, Thumbnail, People also ask, Adwords bottom, Image pack",apptus.com
261,top swedish model,65,53,12/17/2019 11:05,40,https://www.apptus.com/blog/beyond-the-tip-of-the-iceberg,2,0,,1/16/2020 15:15,,"Top stories, Thumbnail, Video",apptus.com
262,merchandising vs marketing,71,61,11/30/2019 10:15,150,https://www.apptus.com/blog/ecommerce-merchandising-man-vs-machine,2,0,0.5,12/28/2019 22:00,,"Featured snippet, People also ask, Image pack, Top stories, Thumbnail",apptus.com
263,aptus solutions,61,66,12/8/2019 4:42,10,https://www.apptus.com/,0,0,,1/8/2020 12:43,,"Sitelinks, Video, Image pack",apptus.com
264,performance connect,66,66,,40,https://www.apptus.com/resources/imrg_peak_performance_conference,0,0,,12/23/2019 17:34,,"Video, Image pack",apptus.com
265,how promotions work,63,50,11/30/2019 9:54,20,https://www.apptus.com/solutions/promotions-demotions,25,0,,12/29/2019 4:52,,"Featured snippet, Thumbnail, People also ask, Top stories",apptus.com
266,the long tail is a phenomenon related to the,68,72,12/7/2019 10:24,50,https://www.apptus.com/blog/the-long-tail-and-the-head-care-for-both/,26,0,,1/7/2020 11:59,,,apptus.com
267,email recommendations,64,14,12/19/2019 17:45,20,https://www.apptus.com/solutions/email-recommendations,4,0,,1/19/2020 10:55,,,apptus.com
268,top banner ads,64,64,,20,https://www.apptus.com/solutions/banner-ads,24,0,,1/10/2020 7:28,,"Featured snippet, Image pack, People also ask",apptus.com
269,online banner ads,73,73,,150,https://www.apptus.com/solutions/banner-ads,43,0,10,1/4/2020 1:55,,"Adwords top, Sitelinks, People also ask, Top stories, Thumbnail, Adwords bottom",apptus.com
270,claes ohlson,72,41,12/22/2019 22:32,100,https://www.apptus.com/news/clas-ohlson-goes-live-with-apptus-esales,7,0,0.03,1/22/2020 17:04,,,apptus.com
271,stock promotions today,65,53,12/14/2019 5:22,20,https://www.apptus.com/solutions/promotions-demotions,12,0,3,1/14/2020 2:48,,"Adwords top, Sitelinks, People also ask, Image pack, Adwords bottom",apptus.com
272,class ohlsen,65,55,12/17/2019 2:21,20,https://www.apptus.com/news/clas-ohlson-goes-live-with-apptus-esales,8,0,,1/17/2020 0:28,,Sitelinks,apptus.com
273,search results ux,67,48,12/6/2019 3:20,30,https://www.apptus.com/blog/best-practice-ecommerce-site-search,13,0,,1/6/2020 5:11,,"Top stories, Thumbnail, Image pack, People also ask",apptus.com
274,lyko se,64,64,,10,https://www.apptus.com/customers,0,0,,1/12/2020 2:25,,"Sitelinks, Top stories, Thumbnail, Image pack",apptus.com
275,example banner ads,66,81,12/5/2019 8:42,20,https://www.apptus.com/solutions/banner-ads,33,0,,1/4/2020 18:53,,"Adwords top, Sitelinks, Image pack, People also ask, Top stories, Thumbnail",apptus.com
276,adcamey,66,66,,20,https://www.apptus.com/academy,69,0,0.02,1/2/2020 21:42,,"Sitelinks, Top stories, Thumbnail, Image pack",apptus.com
277,search results design,71,62,12/10/2019 2:54,60,https://www.apptus.com/blog/best-practice-ecommerce-site-search,11,0,6,1/10/2020 17:09,,"Image pack, People also ask",apptus.com
278,how to merchandising,74,74,,100,https://www.apptus.com/case-studies/success-comes-with-less-heavy-lifting,12,0,0.45,1/4/2020 19:59,,"Featured snippet, Thumbnail, People also ask, Top stories",apptus.com
279,ceo of gymshark,68,57,12/5/2019 17:12,30,https://www.apptus.com/blog/3-keys-to-ecommerce-success-in-2019,6,0,,1/4/2020 18:43,,"People also ask, Video, Image pack",apptus.com
280,7 e sales,70,70,,40,https://www.apptus.com/,1,0,2.5,1/22/2020 23:42,,Sitelinks,apptus.com
281,sisyphian task,68,53,11/29/2019 14:06,20,https://www.apptus.com/blog/manual-work-in-online-merchandising-is-a-sisyphean-task,21,0,,12/27/2019 6:04,,"Featured snippet, Thumbnail, People also ask, Top stories, Sitelinks, Image pack",apptus.com
282,product recommendation software,66,83,12/21/2019 20:26,20,https://www.apptus.com/,10,0,,1/21/2020 17:31,,"Featured snippet, Thumbnail, Sitelinks, People also ask, Adwords bottom",apptus.com
283,fashion search engine,75,66,12/15/2019 8:02,100,https://www.apptus.com/product/esales-fashion,47,0,0.6,1/15/2020 3:57,,"Adwords top, Sitelinks, Top stories, Thumbnail, People also ask, Adwords bottom, Knowledge panel",apptus.com
284,7sins com,72,72,,60,https://www.apptus.com/guides/the-7-sins-of-black-friday,33,0,,1/6/2020 8:59,,"Sitelinks, Top stories, Thumbnail",apptus.com
285,ecommerce managers,82,82,,500,https://www.apptus.com/news/former-ikea-global-ecommerce-manager-to-speak-at-irx-19,2,0,14,1/4/2020 16:09,,"Featured snippet, Thumbnail, People also ask, Top stories",apptus.com
286,ab merchandise,66,79,12/4/2019 18:19,10,https://www.apptus.com/,17,0,0.08,1/4/2020 2:45,,Sitelinks,apptus.com
287,e commerce sweden,66,73,12/3/2019 1:05,10,https://www.apptus.com/,1,0,13,1/1/2020 22:22,,"Adwords top, Sitelinks, People also ask, Top stories, Thumbnail, Image pack",apptus.com
288,mecommerce inc,69,94,12/4/2019 14:16,20,https://www.apptus.com/de/?__hstc=101209950.992e41c7c45c69136d1a9ffa50268c6f.1464998400057.1464998400058.1464998400059.1&__hssc=101209950.1.1464998400060&__hsfp=3105786926,0,0,,1/3/2020 21:49,,"Sitelinks, Image pack",apptus.com
289,aptus it solutions,70,73,12/12/2019 16:43,30,https://www.apptus.com/,0,0,,1/12/2020 3:17,,"Sitelinks, Image pack",apptus.com
290,the long tail wired,69,78,12/10/2019 15:21,20,https://www.apptus.com/blog/the-long-tail-and-the-head-care-for-both/,39,0,,1/10/2020 7:18,,"Top stories, Thumbnail, People also ask, Image pack",apptus.com
291,how to design a website banner,66,66,,10,https://www.apptus.com/solutions/banner-ads,25,0,4,12/27/2019 23:07,,"Adwords top, Sitelinks, Top stories, Thumbnail, People also ask, Image pack",apptus.com
292,ecommerce synonyms,76,72,12/15/2019 15:40,100,https://www.apptus.com/blog/best-practice-ecommerce-site-search,0,0,,1/15/2020 10:55,,"Featured snippet, People also ask",apptus.com
293,marketing vs merchandising,71,51,12/7/2019 20:44,30,https://www.apptus.com/blog/ecommerce-merchandising-man-vs-machine,0,0,,1/6/2020 20:09,,"Featured snippet, People also ask, Image pack",apptus.com
294,banner advertisment,68,68,,10,https://www.apptus.com/solutions/banner-ads,38,0,,12/23/2019 17:42,,"Adwords top, Sitelinks, Featured snippet, Thumbnail, People also ask, Top stories, Adwords bottom, Image pack",apptus.com
295,logo ab,70,51,12/4/2019 0:42,20,https://www.apptus.com/,0,0,,1/3/2020 13:15,,Knowledge panel,apptus.com
296,swedish retailers,73,55,12/4/2019 23:04,30,https://www.apptus.com/blog/beyond-the-tip-of-the-iceberg,3,0,,1/4/2020 6:52,,"Featured snippet, Thumbnail, People also ask, Image pack",apptus.com
297,apttus revenue,75,69,12/12/2019 18:21,50,https://www.apptus.com/,7,0,,1/12/2020 3:37,,"Featured snippet, Sitelinks, People also ask, Top stories, Thumbnail",apptus.com
298,what is a banner ad,81,81,,400,https://www.apptus.com/solutions/banner-ads,38,0,7,1/7/2020 17:41,,"People also ask, Sitelinks, Top stories, Thumbnail",apptus.com
299,banner live,69,72,12/17/2019 4:54,10,https://www.apptus.com/solutions/banner-ads,2,0,,1/16/2020 18:12,,"Sitelinks, Top stories, Thumbnail",apptus.com
300,the role of culture in global e-commerce,70,70,,10,https://www.apptus.com/news/former-ikea-global-ecommerce-manager-to-speak-at-irx-19,0,0,,12/27/2019 3:11,,"Adwords top, Sitelinks, Featured snippet, Thumbnail, Adwords bottom",apptus.com
301,animated website banners,79,79,,100,https://www.apptus.com/solutions/banner-ads,18,0,3.5,1/8/2020 1:03,,"Adwords top, Sitelinks, Image pack, Top stories, Thumbnail, People also ask, Adwords bottom",apptus.com
302,clas ohlsen,72,46,12/18/2019 23:16,20,https://www.apptus.com/news/clas-ohlson-goes-live-with-apptus-esales,7,0,0.2,1/18/2020 21:06,,"Sitelinks, Top stories, Thumbnail",apptus.com
303,hit tail,76,89,12/15/2019 3:14,50,https://www.apptus.com/blog/the-long-tail-and-the-head-care-for-both/,12,0,,1/14/2020 17:47,,"Adwords top, Sitelinks, Top stories, Thumbnail, Image pack",apptus.com
304,make your own website banners,72,72,,20,https://www.apptus.com/solutions/banner-ads,63,0,,1/6/2020 14:31,,"Adwords top, Sitelinks, People also ask, Top stories, Thumbnail",apptus.com
305,in banner advertising,72,72,,20,https://www.apptus.com/solutions/banner-ads,33,0,,12/23/2019 3:32,,"Adwords top, Sitelinks, People also ask, Adwords bottom, Knowledge panel",apptus.com
306,swedish retail,74,17,12/1/2019 19:38,30,https://www.apptus.com/blog/beyond-the-tip-of-the-iceberg,0,0,,12/29/2019 19:47,,"Featured snippet, Thumbnail, People also ask, Top stories",apptus.com
307,boost context,77,77,,60,https://www.apptus.com/solutions/promotions-demotions,0,0,,12/28/2019 0:23,,Video,apptus.com
308,acadermy,66,66,,50,https://www.apptus.com/academy,87,0,0.35,12/25/2019 12:29,Image pack,"Sitelinks, Image pack, People also ask",apptus.com
309,esale net,82,81,11/27/2019 20:29,150,https://www.apptus.com/solutions/exposure-strategies,7,0,,12/24/2019 23:33,,"Adwords top, Sitelinks, People also ask",apptus.com
310,longtail distribution,84,80,12/14/2019 22:39,250,https://www.apptus.com/blog/the-long-tail-and-the-head-care-for-both/,16,0,,1/14/2020 2:40,,"Featured snippet, Thumbnail, Sitelinks, People also ask, Top stories, Image pack",apptus.com
311,acadaemy,71,46,11/27/2019 23:17,100,https://www.apptus.com/academy,90,0,0.25,12/25/2019 14:04,Image pack,"Sitelinks, People also ask, Image pack",apptus.com
312,banner add,78,85,12/15/2019 21:19,60,https://www.apptus.com/solutions/banner-ads,33,0,,1/14/2020 20:05,,"Adwords top, Sitelinks, Featured snippet, Thumbnail, People also ask, Top stories, Adwords bottom",apptus.com
313,johan lindberg,75,57,11/28/2019 21:18,30,https://www.apptus.com/blog/author/johan-lindberg-technical-expert,3,0,,12/26/2019 15:54,,"Image pack, Sitelinks",apptus.com
314,polarn o pyret,45,43,1/18/2020 21:47,2400,https://www.apptus.com/news/apptus-welcomes-polarn-o.-pyret,6,0,0.3,1/21/2020 2:11,,Sitelinks,apptus.com
315,na kd fashion,84,62,12/10/2019 1:00,200,https://www.apptus.com/blog/fashion-retailer-doubled-revenues,11,0,0.5,1/10/2020 2:05,,"Sitelinks, Image pack",apptus.com
316,achedemy,68,32,11/30/2019 8:07,50,https://www.apptus.com/academy,89,0,0.25,12/28/2019 11:36,Image pack,"Sitelinks, People also ask, Image pack",apptus.com
317,product recomendations,86,98,12/11/2019 17:06,250,https://www.apptus.com/solutions/product-recommendations,5,0,9,1/11/2020 13:22,,"Adwords top, Sitelinks, Featured snippet, Thumbnail, People also ask, Image pack, Top stories, Adwords bottom",apptus.com
318,relevant products,81,81,,80,https://www.apptus.com/solutions/product-recommendations,0,0,0.15,1/12/2020 19:34,,"Sitelinks, Top stories, Thumbnail, Image pack, Adwords bottom",apptus.com
319,top searched products,81,61,12/2/2019 5:08,80,https://www.apptus.com/blog/best-practice-ecommerce-site-search,50,0,,1/1/2020 13:32,,"Featured snippet, Thumbnail, People also ask, Sitelinks",apptus.com
320,acaamy,65,58,11/25/2019 23:36,20,https://www.apptus.com/academy,91,0,0.05,12/23/2019 0:06,Image pack,"Sitelinks, Top stories, Thumbnail, People also ask, Image pack",apptus.com
321,website ad banner,77,77,,30,https://www.apptus.com/solutions/banner-ads,36,0,,12/26/2019 13:41,,"Adwords top, Sitelinks, People also ask, Top stories, Thumbnail, Adwords bottom, Knowledge panel",apptus.com
322,email banner ads,76,76,,20,https://www.apptus.com/solutions/banner-ads,8,0,25,1/11/2020 1:59,,"Adwords top, Sitelinks, People also ask, Adwords bottom, Knowledge panel",apptus.com
323,best ecommerce promotions,74,76,12/6/2019 14:32,10,https://www.apptus.com/solutions/promotions-demotions,30,0,,1/6/2020 10:01,,"Featured snippet, People also ask, Top stories, Thumbnail",apptus.com
324,current trending products,75,80,12/21/2019 16:01,10,https://www.apptus.com/solutions/product-recommendations,35,0,,1/21/2020 5:06,,"Adwords top, Sitelinks, People also ask",apptus.com
325,na-kd fashion,87,55,11/30/2019 4:41,200,https://www.apptus.com/blog/fashion-retailer-doubled-revenues,12,0,,12/28/2019 6:38,,"Sitelinks, Top stories, Thumbnail, Image pack",apptus.com
326,web advertisement banners,79,79,,30,https://www.apptus.com/solutions/banner-ads,43,0,8,1/17/2020 4:45,,"Adwords top, Sitelinks, People also ask, Adwords bottom",apptus.com
327,uplift studio,84,84,,90,https://www.apptus.com/case-studies/control-business-goals-with-machine-learning,0,0,,1/13/2020 23:56,,"Top stories, Thumbnail, Image pack",apptus.com
328,what does merchandising experience mean,80,62,12/11/2019 11:27,30,https://www.apptus.com/blog/ecommerce-merchandising-man-vs-machine,22,0,,1/10/2020 23:25,,"Featured snippet, Thumbnail, People also ask",apptus.com
329,ecommerce promotion,80,85,12/4/2019 7:10,30,https://www.apptus.com/solutions/promotions-demotions,24,0,0.1,1/3/2020 16:54,,"Adwords top, Sitelinks, Featured snippet, Thumbnail, People also ask, Image pack, Top stories",apptus.com
330,personlised email,78,69,12/21/2019 23:46,20,https://www.apptus.com/solutions/email-recommendations,50,0,6,1/21/2020 5:34,,"Adwords top, Sitelinks, People also ask, Top stories, Thumbnail, Adwords bottom, Knowledge panel",apptus.com
331,synonym commerce,79,83,12/20/2019 16:21,20,https://www.apptus.com/solutions/site-search,0,0,,1/20/2020 12:32,,"Knowledge card, People also ask, Video",apptus.com
332,acdamy,73,57,12/1/2019 20:08,200,https://www.apptus.com/academy,87,0,0.09,12/29/2019 19:57,Image pack,"Adwords top, Sitelinks, People also ask, Image pack",apptus.com
333,ikea global,82,82,,40,https://www.apptus.com/news/former-ikea-global-ecommerce-manager-to-speak-at-irx-19,34,0,1.9,1/6/2020 16:47,,"Sitelinks, People also ask, Top stories, Thumbnail, Knowledge panel",apptus.com
334,wahlin consulting,79,82,12/9/2019 21:55,20,https://www.apptus.com/about,5,0,,1/9/2020 9:41,,"Sitelinks, Tweet box, Top stories, Thumbnail, Image pack",apptus.com
335,what is a banner ad?,85,85,,70,https://www.apptus.com/solutions/banner-ads,32,0,,12/28/2019 2:18,,"People also ask, Sitelinks, Top stories, Thumbnail, Image pack",apptus.com
336,acatamy,73,71,12/11/2019 22:41,50,https://www.apptus.com/academy,73,0,0.25,1/11/2020 11:50,Image pack,"Adwords top, Sitelinks, People also ask, Image pack",apptus.com
337,online banner ad,81,81,,30,https://www.apptus.com/solutions/banner-ads,43,0,,1/8/2020 15:14,,"Adwords top, Sitelinks, People also ask, Top stories, Thumbnail, Adwords bottom",apptus.com
338,cross merchandising definition,88,68,12/14/2019 8:00,150,https://www.apptus.com/blog/fashion-faux-pas-time-to-cross-the-online-merchandising-chasm,1,0,,1/14/2020 13:01,,"People also ask, Sitelinks, Video",apptus.com
339,ecommerce search best practices,78,78,,10,https://www.apptus.com/guides/ux-best-practises-on-site-search,7,0,,1/16/2020 23:12,,"Knowledge card, Adwords bottom, Sitelinks",apptus.com
340,what is a sisyphean task,84,64,12/13/2019 12:56,50,https://www.apptus.com/blog/manual-work-in-online-merchandising-is-a-sisyphean-task,22,0,,1/13/2020 10:55,,"Featured snippet, Thumbnail, People also ask, Top stories",apptus.com
341,best ux practices for filtering,86,68,12/11/2019 20:09,80,https://www.apptus.com/blog/best-practice-ecommerce-site-search,12,0,,1/10/2020 19:25,,"Featured snippet, Thumbnail, Image pack",apptus.com
342,esales.com,81,81,,20,https://www.apptus.com/solutions/esales-apps,0,0,0.7,12/29/2019 1:32,,"Adwords top, Sitelinks, Image pack, Video",apptus.com
343,peak trading,93,14,11/30/2019 5:04,400,https://www.apptus.com/blog/resources/peak-trading-bring-it-on-2/,0,0,0.35,12/29/2019 14:02,,"Sitelinks, Top stories, Thumbnail, Image pack",apptus.com
344,merchandising technologies inc,79,97,11/29/2019 11:09,10,https://www.apptus.com/,1,0,,12/27/2019 14:58,,"Sitelinks, Adwords bottom",apptus.com
345,what is a main line in retail merchandising,84,66,11/29/2019 7:41,40,https://www.apptus.com/blog/ecommerce-merchandising-man-vs-machine,1,0,,12/27/2019 14:37,,"Adwords top, Sitelinks, Featured snippet, Thumbnail, People also ask, Video, Image pack",apptus.com
346,create web banner,83,83,,30,https://www.apptus.com/solutions/banner-ads,63,0,3,12/25/2019 17:54,,"Adwords top, Sitelinks, People also ask, Top stories, Thumbnail, Adwords bottom",apptus.com
347,apptus com,71,61,11/29/2019 15:27,20,https://www.apptus.com/solutions/promotions-demotions,6,0,0.6,12/27/2019 2:46,Image pack,"Adwords top, Sitelinks, People also ask, Top stories, Thumbnail, Video, Image pack",apptus.com
348,apptus com,71,71,,20,https://www.apptus.com/about,6,0,0.6,12/27/2019 2:46,Image pack,"Adwords top, Sitelinks, People also ask, Top stories, Thumbnail, Video, Image pack",apptus.com
349,apptus com,71,61,11/29/2019 15:27,20,https://www.apptus.com/,6,0,0.6,12/27/2019 2:46,Image pack,"Adwords top, Sitelinks, People also ask, Top stories, Thumbnail, Video, Image pack",apptus.com
350,uplift online,83,83,,30,https://www.apptus.com/cases/site-search-conversion-uplift-for-online-retailer,43,0,,1/9/2020 4:59,,"Sitelinks, People also ask",apptus.com
351,sitesearch,91,74,12/6/2019 1:52,150,https://www.apptus.com/solutions/site-search,34,0,8,1/6/2020 8:26,,"Adwords top, Sitelinks, Top stories, Thumbnail, Adwords bottom",apptus.com
352,7sins,96,96,,1100,https://www.apptus.com/guides/the-7-sins-of-black-friday,36,0,0.7,1/17/2020 17:46,,"Top stories, Thumbnail, Sitelinks, People also ask",apptus.com
353,webbanner,93,93,,350,https://www.apptus.com/solutions/banner-ads,15,0,1.9,1/7/2020 2:30,,"Image pack, Top stories, Thumbnail, People also ask",apptus.com
354,what is apttus in salesforce,84,84,,30,https://www.apptus.com/,0,0,25,1/22/2020 16:56,,"Adwords top, Sitelinks, Featured snippet, Thumbnail, People also ask, Top stories",apptus.com
355,promotional tools definition,86,86,,40,https://www.apptus.com/solutions/promotions-demotions,38,0,,1/14/2020 0:35,,"Featured snippet, Thumbnail, People also ask",apptus.com
356,faceted browsing,85,79,11/30/2019 6:20,40,https://www.apptus.com/solutions/site-navigation,12,0,,12/28/2019 12:34,,"Featured snippet, Thumbnail, People also ask, Top stories, Image pack",apptus.com
357,search ux,89,73,12/5/2019 20:21,80,https://www.apptus.com/blog/best-practice-ecommerce-site-search,13,0,10,1/5/2020 4:42,,"Image pack, Top stories, Thumbnail, People also ask",apptus.com
358,totalsales com,83,92,12/1/2019 2:02,20,https://www.apptus.com/cases/ecommerce-ai-solution-boosted-total-sales-by-20,1,0,,12/30/2019 19:38,,"Image pack, Video",apptus.com
359,personalised e mail,83,69,12/21/2019 14:00,20,https://www.apptus.com/solutions/email-recommendations,43,0,6,1/21/2020 15:56,,"Adwords top, Sitelinks, People also ask, Top stories, Thumbnail, Adwords bottom, Knowledge panel",apptus.com
360,personalised email,81,37,11/28/2019 14:38,10,https://www.apptus.com/solutions/email-recommendations,38,0,,12/26/2019 18:28,,"Adwords top, Sitelinks, People also ask, Top stories, Thumbnail, Adwords bottom, Knowledge panel",apptus.com
361,disziplin,88,86,12/18/2019 0:11,50,https://www.apptus.com/vielen-dank-merchandising-als-disziplin,0,0,,1/18/2020 14:26,,"Knowledge card, Top stories, Thumbnail",apptus.com
362,academyh,80,78,12/10/2019 14:31,80,https://www.apptus.com/academy,94,0,0.5,1/10/2020 8:52,Image pack,"Sitelinks, People also ask, Image pack",apptus.com
363,demote meaning,90,88,12/15/2019 9:30,250,https://www.apptus.com/news/new-demote-feature-in-esales,7,0,,1/15/2020 8:04,,"Knowledge card, People also ask, Top stories, Thumbnail",apptus.com
364,promotion and demotion,83,98,12/4/2019 6:30,10,https://www.apptus.com/solutions/promotions-demotions,6,0,,1/3/2020 10:58,,"Featured snippet, People also ask, Image pack, Top stories, Thumbnail",apptus.com
365,merchandising solution,90,98,12/12/2019 22:37,60,https://www.apptus.com/,2,0,7,1/12/2020 10:39,,"Adwords top, Sitelinks, Featured snippet, Thumbnail, Image pack, Adwords bottom",apptus.com
366,long-tail media are characterized by which of the following?,83,72,12/12/2019 1:17,150,https://www.apptus.com/blog/the-long-tail-and-the-head-care-for-both/,1,0,,1/12/2020 11:10,Image pack,Image pack,apptus.com
367,backstrom wikipedia,85,77,12/19/2019 3:28,20,https://www.apptus.com/about,26,0,,1/19/2020 10:44,,"Sitelinks, People also ask, Video",apptus.com
368,clas oloson,85,54,12/21/2019 17:31,20,https://www.apptus.com/news/clas-ohlson-goes-live-with-apptus-esales,8,0,,1/21/2020 22:22,,"Top stories, Thumbnail",apptus.com
369,acafemy,82,82,,250,https://www.apptus.com/academy,71,0,0.15,1/11/2020 2:12,Image pack,"Adwords top, Sitelinks, People also ask, Image pack",apptus.com
370,promoting product,94,46,12/21/2019 9:31,150,https://www.apptus.com/solutions/promotions-demotions,46,0,9,1/21/2020 21:03,,"Adwords top, Sitelinks, Featured snippet, Thumbnail, People also ask, Adwords bottom",apptus.com
371,best animated banner ads,85,85,,20,https://www.apptus.com/solutions/banner-ads,11,0,4,12/31/2019 11:37,,"Adwords top, Sitelinks, Top stories, Thumbnail, People also ask, Adwords bottom",apptus.com
372,best web banner design,85,85,,10,https://www.apptus.com/solutions/banner-ads,21,0,20,12/24/2019 2:03,,"Image pack, Top stories, Thumbnail, People also ask, Adwords bottom, Sitelinks",apptus.com
373,retail goals,87,66,12/21/2019 17:18,20,https://www.apptus.com/case-studies/control-business-goals-with-machine-learning,2,0,0.08,1/21/2020 8:15,,"Adwords top, Featured snippet, Thumbnail, People also ask, Adwords bottom, Sitelinks",apptus.com
374,product recommendations,89,82,12/3/2019 2:20,250,https://www.apptus.com/solutions/product-recommendations,5,0,9,1/2/2020 9:19,,"Adwords top, Sitelinks, Featured snippet, Thumbnail, People also ask, Top stories, Image pack, Adwords bottom",apptus.com
375,we are the head and not the tail,95,92,12/12/2019 22:51,100,https://www.apptus.com/blog/the-long-tail-and-the-head-care-for-both/,0,0,1.4,1/11/2020 21:29,,"Sitelinks, People also ask, Video, Image pack",apptus.com
376,display banner advertising,87,87,,20,https://www.apptus.com/solutions/banner-ads,15,0,,1/3/2020 4:11,,"Shopping results, Thumbnail, Adwords top, Sitelinks, People also ask, Top stories, Adwords bottom, Image pack",apptus.com
377,c and e sales,95,82,12/3/2019 13:19,90,https://www.apptus.com/solutions/esales-apps,0,0,,1/2/2020 20:25,,"Sitelinks, Image pack",apptus.com
378,e ads,87,15,12/6/2019 3:41,10,https://www.apptus.com/solutions/banner-ads,54,0,,1/5/2020 22:16,,"People also ask, Sitelinks, Top stories, Thumbnail, Image pack",apptus.com
379,ikea recommendations,89,58,12/5/2019 2:53,20,https://www.apptus.com/blog/three-lessons-from-ikeas-ai-driven-online-growth,3,0,,1/4/2020 15:37,,"People also ask, Image pack, Top stories, Thumbnail",apptus.com
380,ai fashion,93,93,,50,https://www.apptus.com/product/esales-fashion,14,0,3,1/12/2020 8:29,,"Adwords top, Sitelinks, Featured snippet, Thumbnail, People also ask, Top stories, Image pack",apptus.com
381,the7 documentation,88,88,,20,https://www.apptus.com/guides/the-7-sins-of-black-friday,4,0,,12/30/2019 17:01,,"Sitelinks, Top stories, Thumbnail, Image pack",apptus.com
382,you are the head and not the tail,100,101,12/9/2019 2:03,400,https://www.apptus.com/blog/the-long-tail-and-the-head-care-for-both/,0,0,,1/9/2020 16:39,,"Sitelinks, Top stories, Thumbnail, People also ask, Image pack",apptus.com
383,create banner ads online,89,89,,20,https://www.apptus.com/solutions/banner-ads,63,0,3.5,12/28/2019 4:08,,"Adwords top, Sitelinks, People also ask, Top stories, Thumbnail",apptus.com
384,apptus technologies,78,73,12/14/2019 18:42,10,https://www.apptus.com/,7,0,6,1/14/2020 6:20,Image pack,"Adwords top, Sitelinks, Top stories, Thumbnail, People also ask, Video, Image pack",apptus.com
385,aptus innovations,91,91,,20,https://www.apptus.com/about,0,0,,1/8/2020 23:47,,"Image pack, Thumbnail",apptus.com
386,pop up advertising banners,89,89,,10,https://www.apptus.com/solutions/banner-ads,24,0,18,12/25/2019 7:23,,"Shopping results, Thumbnail, Adwords top, People also ask, Image pack, Sitelinks, Top stories, Adwords bottom",apptus.com
387,on site search,94,94,,30,https://www.apptus.com/blog/best-practice-ecommerce-site-search,33,0,,12/24/2019 12:55,,"Adwords top, Sitelinks, People also ask, Top stories, Thumbnail, Knowledge panel",apptus.com
388,kicks sweden,92,92,,20,https://www.apptus.com/hs/cta/cta/redirect/1823543/5f6bc8b2-fb30-437d-a641-24996c406b2c,0,0,0.15,1/5/2020 0:52,,"Adwords top, Sitelinks, Image pack, Top stories, Thumbnail, Video",apptus.com
389,se automation,95,95,,40,https://www.apptus.com/case-studies/automation-increased-overall-profit-by-12-percent,0,0,,1/6/2020 20:31,,"Sitelinks, Top stories, Thumbnail",apptus.com
390,long tail music,92,85,12/8/2019 20:11,10,https://www.apptus.com/blog/the-long-tail-and-the-head-care-for-both/,4,0,,1/8/2020 6:28,,"Top stories, Thumbnail, Knowledge panel",apptus.com
391,how to design banner ads,92,92,,10,https://www.apptus.com/solutions/banner-ads,23,0,4,12/25/2019 7:35,,"Adwords top, Sitelinks, People also ask, Top stories, Thumbnail",apptus.com
392,banner products,99,79,11/28/2019 0:57,40,https://www.apptus.com/solutions/banner-ads,8,0,1.7,12/25/2019 18:46,,"Adwords top, Sitelinks, Knowledge panel",apptus.com
393,personalised products,95,88,12/1/2019 9:28,20,https://www.apptus.com/solutions/email-recommendations,35,0,3.5,12/30/2019 23:39,,"Shopping results, Thumbnail, Adwords top, Sitelinks, Image pack, People also ask, Adwords bottom",apptus.com
394,synonym for optimise,97,79,12/4/2019 6:47,20,https://www.apptus.com/solutions/site-search,1,0,,1/3/2020 23:49,,"Featured snippet, People also ask",apptus.com
395,clas ohlson,71,71,,3300,https://www.apptus.com/news/clas-ohlson-goes-live-with-apptus-esales,7,0,0.04,1/22/2020 16:12,,,apptus.com
396,online advertising banner,101,101,,30,https://www.apptus.com/solutions/banner-ads,47,0,2.5,1/9/2020 12:21,,"Adwords top, Sitelinks, People also ask, Image pack, Top stories, Thumbnail, Adwords bottom, Shopping results",apptus.com
397,to result synonym,102,87,11/28/2019 17:38,30,https://www.apptus.com/blog/best-practice-ecommerce-site-search,9,0,,12/26/2019 8:00,,"Knowledge card, People also ask",apptus.com
398,ecommerce merchandising best practices,99,99,,20,https://www.apptus.com/blog/topic/online-merchandising,5,0,,12/30/2019 4:40,,"Featured snippet, Sitelinks, People also ask, Top stories, Thumbnail, Adwords bottom",apptus.com
399,good web banners,98,82,12/19/2019 17:49,10,https://www.apptus.com/solutions/banner-ads,12,0,9,1/19/2020 10:26,,"Adwords top, Sitelinks, Top stories, Thumbnail, People also ask",apptus.com
400,search results best practices,99,74,12/2/2019 7:42,10,https://www.apptus.com/blog/best-practice-ecommerce-site-search,13,0,,1/1/2020 1:01,,"Featured snippet, People also ask, Image pack",apptus.com
