,Intent,Keyword,Position,Volume,Difficulty,Page URL inside,SERP Features,Website,Coefficient
29391,M,ecommerce marketing,84,1600,33,,"Adwords top, Sitelinks, Featured snippet, Thumbnail, People also ask, Top stories, Adwords bottom",springbot.com,48.48484848
14503,M,ecommerce trends,16,800,30,,"Adwords top, Sitelinks, Featured snippet, Thumbnail, People also ask, Top stories, Adwords bottom",klavio.com,26.66666667
125,N,ecommerce site search solutions,33,20,3,,"Adwords top, Sitelinks, Featured snippet, Thumbnail, Adwords bottom",apptus.com,6.666666667
130,N,ecommerce navigation,34,20,6,,"Adwords top, Sitelinks, Adwords bottom, Knowledge panel",apptus.com,3.333333333
133,N,ecommerce search solutions,33,10,3,,"Adwords top, Sitelinks, Adwords bottom",apptus.com,3.333333333
22450,M,future of ecommerce,89,400,24,,"Featured snippet, Thumbnail, People also ask, Sitelinks, Top stories, Image pack, Adwords bottom",klavio.com,16.66666667
159,N,ikea ecommerce,41,30,3,,"Adwords top, Sitelinks, Top stories, Thumbnail, Knowledge panel",apptus.com,10
178,L,ecommerce site search best practices,39,10,11,,"Adwords top, Sitelinks, Featured snippet, Thumbnail, Image pack, Adwords bottom",apptus.com,0.909090909
189,N,mecommerce,48,50,1,,"Adwords top, Sitelinks, Top stories, Thumbnail, Image pack",apptus.com,50
28186,M,ecommerce strategies,15,300,15,,"Adwords top, Sitelinks, Featured snippet, Thumbnail, People also ask",springbot.com,20
199,N,director ecommerce,51,40,1,,"People also ask, Knowledge panel",apptus.com,40
218,N,ecommerce search software,50,10,25,,"Adwords top, Sitelinks, People also ask, Adwords bottom",apptus.com,0.4
222,N,synonyms for ecommerce,53,20,1,,"Featured snippet, People also ask, Thumbnail",apptus.com,20
229,N,ecommerce analysis,56,30,11,,"Adwords top, Sitelinks, Featured snippet, Thumbnail, People also ask, Top stories, Adwords bottom",apptus.com,2.727272727
28383,M,ecommerce trends 2018,30,250,39,,"Adwords top, Sitelinks, Featured snippet, Thumbnail, People also ask, Top stories, Image pack, Adwords bottom",springbot.com,6.41025641
247,N,ecommerce site search,63,50,13,,"Adwords top, Sitelinks, Adwords bottom, Knowledge panel",apptus.com,3.846153846
256,N,ecommerce synonym,61,20,1,,"Featured snippet, People also ask",apptus.com,20
284,N,ecommerce managers,82,500,2,,"Featured snippet, Thumbnail, People also ask, Top stories",apptus.com,250
287,N,mecommerce inc,69,20,1,,"Sitelinks, Image pack",apptus.com,20
291,N,ecommerce synonyms,76,100,1,,"Featured snippet, People also ask",apptus.com,100
196,M,ecommerce merchandising,56,200,4,,"Featured snippet, Thumbnail, People also ask, Sitelinks, Top stories",apptus.com,50
21604,M,ecommerce marketing strategy,79,200,27,,"Adwords top, Sitelinks, Featured snippet, Thumbnail, People also ask, Top stories, Image pack, Adwords bottom",klavio.com,7.407407407
338,N,ecommerce search best practices,78,10,7,,"Knowledge card, Adwords bottom, Sitelinks",apptus.com,1.428571429
6334,L,social media ecommerce,77,150,25,,"Adwords top, Sitelinks, People also ask, Top stories, Thumbnail, Adwords bottom, Knowledge panel",bannersnack.com,6
7545,N,social ecommerce,93,150,35,,"Featured snippet, Thumbnail, Sitelinks, People also ask, Adwords bottom, Image pack",bannersnack.com,4.285714286
7721,N,what is ecommerce marketing,86,100,30,,"Adwords top, Sitelinks, Featured snippet, Thumbnail, People also ask, Top stories",bannersnack.com,3.333333333
21836,M,what is ecommerce marketing,80,200,20,,"Adwords top, Sitelinks, Featured snippet, Thumbnail, Top stories, People also ask, Adwords bottom",klavio.com,10
10195,N,vistaprint ecommerce,13,10,13,,"Adwords top, Sitelinks, Top stories, Thumbnail, People also ask, Video",evergage.com,0.769230769
27595,H,ecommerce optimization,100,200,24,,"Adwords top, Sitelinks, Featured snippet, Thumbnail, People also ask, Top stories, Adwords bottom",monetate.com,8.333333333
11016,N,gartner magic quadrant ecommerce,36,40,15,,"Adwords top, Sitelinks, Knowledge panel",evergage.com,2.666666667
11057,N,mitx ecommerce summit,23,20,1,Image pack,"Image pack, Video",evergage.com,20
16348,M,ecommerce integration,34,150,4,,"Adwords top, Sitelinks, Featured snippet, People also ask, Adwords bottom",klavio.com,37.5
18453,M,ecommerce funnel,51,150,12,,"Adwords top, Sitelinks, People also ask, Top stories, Thumbnail, Adwords bottom, Knowledge panel",klavio.com,12.5
20000,M,ecommerce sales funnel,66,150,16,,"Adwords top, Sitelinks, Featured snippet, Thumbnail, People also ask, Top stories, Image pack, Adwords bottom",klavio.com,9.375
26358,M,ecommerce experience,44,150,22,,"Adwords top, Sitelinks, People also ask, Top stories, Thumbnail, Knowledge panel",monetate.com,6.818181818
12997,N,texas ecommerce summit,71,20,1,,Video,evergage.com,20
27635,H,ecommerce personalization,101,150,15,Knowledge panel,"Adwords top, Sitelinks, People also ask, Adwords bottom, Knowledge panel",monetate.com,10
14057,N,ecommerce summit,96,60,13,,"Sitelinks, Top stories, Thumbnail, Adwords bottom",evergage.com,4.615384615
29403,M,ecommerce user experience,66,150,12,,"Adwords top, Sitelinks, Image pack",springbot.com,12.5
14647,L,ecommerce influence,9,100,6,,Sitelinks,klavio.com,16.66666667
14690,N,ecommerce abbreviation,10,90,1,,"Featured snippet, Thumbnail, People also ask",klavio.com,90
14793,N,ecommerce conferences,16,200,3,,"Adwords top, Sitelinks, Top stories, Thumbnail, Image pack",klavio.com,66.66666667
14853,N,abbreviation for ecommerce,10,40,1,,"Featured snippet, Thumbnail",klavio.com,40
14913,N,ecommerce conferences 2019,14,80,2,,"Adwords top, Sitelinks, Featured snippet, Thumbnail, Image pack",klavio.com,40
14929,N,ecommerce workshops,8,20,3,,"Adwords top, Sitelinks, Top stories, Thumbnail, Adwords bottom",klavio.com,6.666666667
30165,H,ecommerce success stories,89,150,10,,"Featured snippet, Thumbnail, Sitelinks, Top stories, People also ask, Image pack, Adwords bottom",springbot.com,15
15060,N,ecommerce conference,20,150,1,,"Sitelinks, Top stories, Thumbnail, Video",klavio.com,150
15234,N,best ecommerce conferences,13,20,1,,"Featured snippet, Thumbnail, Sitelinks, Image pack, Video",klavio.com,20
15245,N,holiday ecommerce,13,20,18,,"Adwords top, Sitelinks, Top stories, Thumbnail",klavio.com,1.111111111
15291,N,ecommerce workshop,15,30,1,,"Adwords top, Sitelinks, Top stories, Thumbnail, Video, Adwords bottom",klavio.com,30
27284,H,ecommerce conversion rate optimization,85,100,36,,"Adwords top, Featured snippet, Thumbnail, Sitelinks, People also ask, Adwords bottom",monetate.com,2.777777778
29358,M,ecommerce ads,63,100,17,,"Adwords top, Sitelinks, Top stories, Thumbnail, People also ask, Adwords bottom, Knowledge panel",springbot.com,5.882352941
15426,N,mailchimp ecommerce,24,150,7,,"Top stories, Thumbnail, People also ask, Knowledge panel",klavio.com,21.42857143
15571,N,ecommerce conference chicago,20,40,21,,Sitelinks,klavio.com,1.904761905
15652,N,luxury ecommerce,23,70,6,,"Sitelinks, Adwords bottom, Knowledge panel",klavio.com,11.66666667
15755,N,custom ecommerce platform,19,20,30,,"Adwords top, Sitelinks, People also ask, Image pack",klavio.com,0.666666667
15827,N,ecommerce newsletter,24,60,4,,"Adwords top, Sitelinks, Top stories, Thumbnail, People also ask, Knowledge panel",klavio.com,15
15835,N,ecommerce hub,23,40,5,,"Sitelinks, Top stories, Thumbnail, Adwords bottom",klavio.com,8
15904,N,ecommerce email template,24,50,12,,"Adwords top, Sitelinks, Top stories, Thumbnail, People also ask, Adwords bottom, Knowledge panel",klavio.com,4.166666667
15913,N,ecommerce newsletters,23,40,4,,"Adwords top, Sitelinks, People also ask, Top stories, Thumbnail, Adwords bottom, Knowledge panel",klavio.com,10
15950,N,ecommerce email templates,29,150,11,,"Adwords top, Sitelinks, Featured snippet, Thumbnail, Top stories",klavio.com,13.63636364
16319,N,privacy policy ecommerce,27,30,33,,"Adwords top, Sitelinks, People also ask, Adwords bottom, Knowledge panel",klavio.com,0.909090909
29678,M,ecommerce advertising,73,100,13,,"Adwords top, Sitelinks, Featured snippet, Thumbnail, People also ask, Top stories, Image pack, Adwords bottom",springbot.com,7.692307692
16403,N,email marketing ecommerce,38,350,37,,"Adwords top, Sitelinks, Top stories, Thumbnail, People also ask, Adwords bottom, Knowledge panel",klavio.com,9.459459459
16428,N,ecommerce boston,28,30,1,,"Featured snippet, Thumbnail, Adwords bottom, Sitelinks",klavio.com,30
16440,N,ecommerce buyer,29,40,1,,"Adwords bottom, Sitelinks",klavio.com,40
12049,H,ecommerce customer experience,59,90,6,,"Adwords top, Sitelinks, People also ask, Top stories, Thumbnail, Adwords bottom, Knowledge panel",evergage.com,15
16515,N,email marketing for ecommerce,31,50,37,,"Adwords top, Sitelinks, Top stories, Thumbnail, People also ask, Adwords bottom, Knowledge panel",klavio.com,1.351351351
11916,M,b2b ecommerce trends,56,80,4,,"Adwords top, Sitelinks, Knowledge card, People also ask, Adwords bottom",evergage.com,20
16578,N,ecommerce email marketing,37,200,37,,"Adwords top, Sitelinks, Top stories, Thumbnail, People also ask, Adwords bottom, Knowledge panel",klavio.com,5.405405405
16930,N,ecommerce agency,39,250,8,,"Adwords top, Sitelinks, People also ask, Top stories, Thumbnail, Adwords bottom",klavio.com,31.25
15417,M,new ecommerce trends,21,80,35,,"Adwords top, Sitelinks, Featured snippet, Thumbnail, People also ask, Adwords bottom",klavio.com,2.285714286
17066,L,ecommerce podcast,41,150,6,,"Top stories, Thumbnail, People also ask",klavio.com,25
28268,H,ecommerce marketing automation,17,80,17,,"Sitelinks, Top stories, Thumbnail, Adwords bottom, Knowledge panel",springbot.com,4.705882353
17257,N,best ecommerce conferences 2017,35,30,1,,"Featured snippet, Thumbnail, Image pack",klavio.com,30
17355,N,wiki ecommerce,36,30,26,,"Adwords top, Sitelinks, People also ask, Image pack",klavio.com,1.153846154
28758,M,easy ecommerce wins,41,80,1,,"Sitelinks, Top stories, Thumbnail",springbot.com,80
17524,N,ecommerce logo png,36,20,1,,Image pack,klavio.com,20
17533,L,top ecommerce podcasts,38,30,5,,"Adwords top, Sitelinks, Top stories, Thumbnail, Adwords bottom",klavio.com,6
17596,N,ecommerce conference las vegas,35,10,4,,Sitelinks,klavio.com,2.5
17688,N,ecommerce seo audit,40,30,13,,"Featured snippet, Thumbnail, Sitelinks, People also ask, Top stories, Adwords bottom",klavio.com,2.307692308
18050,N,ecommerce fulfilment,51,200,22,,"Adwords top, Sitelinks, People also ask, Top stories, Thumbnail, Adwords bottom, Knowledge panel",klavio.com,9.090909091
30006,M,ecommerce customer journey,82,80,4,,"Adwords top, Sitelinks, People also ask, Top stories, Thumbnail, Adwords bottom, Knowledge panel",springbot.com,20
18318,N,ecommerce service provider,47,50,4,,"Featured snippet, Thumbnail, People also ask, Adwords bottom, Sitelinks",klavio.com,12.5
18414,N,ecommerce email examples,47,40,17,,"Adwords top, Sitelinks, Featured snippet, Thumbnail, Image pack, People also ask",klavio.com,2.352941176
30036,M,ecommerce video,83,80,4,,"Adwords top, Sitelinks, Video, Thumbnail, Adwords bottom",springbot.com,20
18488,N,ecommerce direct,48,40,2,,"Sitelinks, People also ask, Top stories, Thumbnail",klavio.com,20
18670,N,ecommerce compliance,47,20,5,,"Adwords top, People also ask, Top stories, Thumbnail, Adwords bottom, Sitelinks",klavio.com,4
18765,N,ecommerce account,49,30,5,,"Adwords top, Sitelinks, People also ask, Top stories, Thumbnail, Adwords bottom, Knowledge panel",klavio.com,6
18804,N,ecommerce tax,56,150,13,,"Adwords top, Sitelinks, Featured snippet, Thumbnail, People also ask, Top stories",klavio.com,11.53846154
18816,N,west elm ecommerce,58,200,2,,"Adwords top, Sitelinks, People also ask, Video, Image pack",klavio.com,100
18952,N,custom ecommerce,50,30,6,,"Adwords top, Sitelinks, People also ask, Adwords bottom, Knowledge panel",klavio.com,5
18988,N,ecommerce entrepreneur,57,150,21,,"Adwords top, People also ask, Top stories, Thumbnail, Adwords bottom, Sitelinks, Knowledge panel",klavio.com,7.142857143
19088,N,ecommerce store logo,48,20,1,,"Adwords top, Sitelinks, Image pack",klavio.com,20
19332,N,ecommerce component,53,30,2,,"Featured snippet, Thumbnail, People also ask, Adwords bottom, Sitelinks",klavio.com,15
19432,N,global ecommerce experts,53,20,4,,"Adwords top, Sitelinks, People also ask",klavio.com,5
19598,N,square ecommerce integration,51,10,13,,"Adwords top, Sitelinks, People also ask, Top stories, Thumbnail",klavio.com,0.769230769
19723,N,ecommerce scripts,58,50,7,,"Adwords top, Sitelinks, People also ask, Video, Adwords bottom",klavio.com,7.142857143
19774,N,ecommerce login,58,40,26,,"Adwords top, Sitelinks, People also ask",klavio.com,1.538461538
19827,N,ecommerce kpis,68,300,11,,"Sitelinks, People also ask",klavio.com,27.27272727
15391,M,trends in ecommerce industry,20,70,36,,"Featured snippet, Thumbnail, People also ask",klavio.com,1.944444444
19884,N,ecommerce case study,60,60,8,,"Top stories, Thumbnail, People also ask, Adwords bottom, Sitelinks, Knowledge panel",klavio.com,7.5
19898,N,top ecommerce brands,57,30,22,,"Featured snippet, People also ask, Sitelinks",klavio.com,1.363636364
16963,M,trends in ecommerce,36,70,28,,"Adwords top, Sitelinks, Featured snippet, Thumbnail, People also ask",klavio.com,2.5
16482,M,ecommerce funnels,31,60,12,,"Adwords top, Sitelinks, Featured snippet, Thumbnail, Top stories, People also ask, Video, Adwords bottom",klavio.com,5
20043,N,global ecommerce summit,55,10,12,,"Adwords top, Sitelinks, Top stories, Thumbnail, Image pack",klavio.com,0.833333333
28239,M,ecommerce marketing platform,12,50,17,,"Adwords top, Sitelinks, People also ask, Adwords bottom",springbot.com,2.941176471
20244,N,ecommerce leads,59,20,5,,"Adwords top, Sitelinks, Top stories, Thumbnail, Adwords bottom",klavio.com,4
20308,N,lightspeed ecommerce login,56,10,9,,"Adwords top, Sitelinks, People also ask, Top stories, Thumbnail, Video, Image pack",klavio.com,1.111111111
20429,N,ecommerce email templates free download,57,10,19,,"Adwords top, Sitelinks, Image pack, Adwords bottom",klavio.com,0.526315789
20465,N,magento ecommerce partners,64,50,19,,"Adwords top, Sitelinks, People also ask, Video, Adwords bottom",klavio.com,2.631578947
28362,M,marketing automation ecommerce,21,50,19,,"Adwords top, Sitelinks, Adwords bottom, Knowledge panel",springbot.com,2.631578947
20542,N,ecommerce logo,68,500,1,,"Image pack, Top stories, Thumbnail",klavio.com,500
20545,N,ecommerce brands,68,100,13,,"Adwords top, Sitelinks, Featured snippet, Thumbnail, People also ask, Top stories",klavio.com,7.692307692
20589,N,kpis for ecommerce,62,20,12,,"Sitelinks, People also ask, Image pack",klavio.com,1.666666667
20690,N,b2b ecommerce,72,1200,40,,"Adwords top, Sitelinks, Featured snippet, Thumbnail, Top stories, Adwords bottom",klavio.com,30
20762,N,p2p ecommerce,62,20,2,,"Adwords top, Sitelinks, People also ask, Top stories, Thumbnail, Knowledge panel",klavio.com,10
20872,N,ecommerce audit,62,20,2,,"Sitelinks, Knowledge panel",klavio.com,10
20942,L,ecommerce seo checklist,64,20,9,,"Featured snippet, Thumbnail, Sitelinks, People also ask",klavio.com,2.222222222
21000,N,ecommerce experts,72,100,10,,"People also ask, Adwords bottom, Sitelinks",klavio.com,10
21153,N,amazon ecommerce store,72,90,32,,"Adwords top, Sitelinks, People also ask, Top stories, Thumbnail",klavio.com,2.8125
21287,L,ecommerce metrics,78,300,15,,"Sitelinks, People also ask, Adwords bottom",klavio.com,20
21509,N,ecommerce entrepreneurs,74,80,17,,"Adwords top, Sitelinks, Top stories, Thumbnail, People also ask, Video, Adwords bottom",klavio.com,4.705882353
29931,H,ecommerce automation,78,50,10,,"Adwords top, Sitelinks, Featured snippet, Thumbnail, Top stories, Adwords bottom",springbot.com,5
21526,N,ecommerce fuel,80,300,1,,Sitelinks,klavio.com,300
21527,N,fashion ecommerce,78,250,16,,"Adwords top, Sitelinks, Top stories, Thumbnail, People also ask, Knowledge panel",klavio.com,15.625
84,H,ecommerce banners,28,40,1,,"Adwords top, Sitelinks, Top stories, Thumbnail, Knowledge panel",apptus.com,40
21711,L,ecommerce podcasts,75,70,3,,"Top stories, Thumbnail, People also ask",klavio.com,23.33333333
21718,N,vector ecommerce,71,30,1,,,klavio.com,30
21760,N,ecommerce innovation summit,72,30,15,,"Sitelinks, Top stories, Thumbnail, Video",klavio.com,2
21766,N,salesforce ecommerce demandware,67,10,31,,"Adwords top, Sitelinks, People also ask",klavio.com,0.322580645
21800,N,target ecommerce,77,100,5,,"People also ask, Knowledge panel",klavio.com,20
11009,H,ecommerce best practices 2015,25,40,8,Image pack,Image pack,evergage.com,5
21853,N,ecommerce b2b,74,50,31,,"Adwords top, Sitelinks, Top stories, Thumbnail, People also ask, Adwords bottom",klavio.com,1.612903226
21965,N,is ecommerce dead,73,30,2,,"People also ask, Top stories, Thumbnail",klavio.com,15
22011,N,square ecommerce review,72,20,8,,"Adwords top, Sitelinks, People also ask, Top stories, Thumbnail",klavio.com,2.5
22104,N,k ecommerce,82,200,5,,"Adwords top, Sitelinks, Top stories, Thumbnail, Image pack",klavio.com,40
22214,N,enterprise ecommerce,78,60,14,,"Adwords top, Sitelinks, People also ask, Adwords bottom, Knowledge panel",klavio.com,4.285714286
22312,N,k-ecommerce,76,30,4,,"Adwords top, Sitelinks, Top stories, Thumbnail",klavio.com,7.5
22342,N,ecommerce apple,87,400,22,,"Adwords top, Sitelinks, People also ask, Video",klavio.com,18.18181818
22351,N,demandware ecommerce,78,50,6,,"Sitelinks, People also ask, Knowledge panel",klavio.com,8.333333333
24597,M,ecommerce marketing ideas,95,40,12,,"Adwords top, Sitelinks, Featured snippet, Thumbnail, Top stories, People also ask, Image pack, Adwords bottom",klavio.com,3.333333333
26131,M,ecommerce benchmarks,32,40,33,,"Adwords top, Sitelinks, People also ask",monetate.com,1.212121212
22696,N,ecommerce events,81,50,5,,"Knowledge card, Sitelinks",klavio.com,10
22786,N,ecommerce forms,77,20,3,,"Top stories, Thumbnail",klavio.com,6.666666667
22822,N,wp ecommerce mailchimp,88,200,23,,"Adwords top, Sitelinks, People also ask, Top stories, Thumbnail",klavio.com,8.695652174
22898,N,privacy policy template for ecommerce,80,30,33,,"Adwords top, Sitelinks, People also ask, Video, Adwords bottom",klavio.com,0.909090909
23203,L,top ecommerce blogs,84,40,3,,"Adwords top, Sitelinks, Featured snippet, Thumbnail",klavio.com,13.33333333
23318,N,ecommerce apparel,81,20,34,,"Adwords top, Sitelinks, People also ask, Knowledge panel",klavio.com,0.588235294
27375,H,ecommerce bounce rate,84,40,15,,"Featured snippet, Thumbnail, People also ask, Sitelinks, Top stories",monetate.com,2.666666667
23540,N,top ecommerce businesses,86,40,20,,"Adwords top, Sitelinks, Featured snippet, Thumbnail, People also ask, Top stories",klavio.com,2
23694,N,ecommerce marketing director,85,20,1,,"Adwords top, People also ask, Video, Adwords bottom, Sitelinks",klavio.com,20
23700,N,ecommerce acquisitions,84,20,1,,"Top stories, Thumbnail, People also ask, Adwords bottom, Sitelinks",klavio.com,20
23735,N,top 500 ecommerce,82,10,14,,"People also ask, Image pack",klavio.com,0.714285714
23781,N,ecommerce inc,87,30,2,,Video,klavio.com,15
23796,N,ecommerce store ideas,90,60,26,,"Featured snippet, Thumbnail, Sitelinks, Top stories, People also ask, Adwords bottom",klavio.com,2.307692308
23822,N,enterprise ecommerce platforms,94,150,16,,"Adwords top, Sitelinks, Featured snippet, Thumbnail, People also ask, Adwords bottom",klavio.com,9.375
23923,N,what is b2b ecommerce,93,100,5,,"Adwords top, Sitelinks, People also ask, Top stories, Thumbnail, Adwords bottom",klavio.com,20
23946,L,ecommerce program,84,10,19,,"Featured snippet, Thumbnail, People also ask",klavio.com,0.526315789
27771,H,personalization ecommerce,101,40,17,Knowledge panel,"Adwords top, Sitelinks, People also ask, Adwords bottom, Knowledge panel",monetate.com,2.352941176
23968,N,vice president ecommerce,88,30,1,,"Top stories, Thumbnail",klavio.com,30
23984,N,ecommerce html,89,40,10,,"Adwords top, Sitelinks, Top stories, Thumbnail, Image pack, Adwords bottom",klavio.com,4
24036,N,ecommerce terms of service generator,86,20,40,,"Adwords top, Sitelinks, Top stories, Thumbnail, People also ask, Adwords bottom",klavio.com,0.5
24039,N,avg ecommerce,87,20,1,,"Adwords top, Sitelinks, People also ask, Image pack",klavio.com,20
24100,N,ecommerce html templates,88,20,10,,"Adwords top, Sitelinks, Top stories, Thumbnail, Image pack, Adwords bottom",klavio.com,2
24122,N,twitter ecommerce,90,30,7,,"Adwords top, Sitelinks, Top stories, Thumbnail, People also ask, Knowledge panel",klavio.com,4.285714286
24171,N,ecommerce economics,88,20,2,,"People also ask, Image pack",klavio.com,10
28975,M,ecommerce marketing tools,46,40,7,,"Adwords top, Sitelinks, People also ask, Top stories, Thumbnail, Adwords bottom",springbot.com,5.714285714
24312,N,ecommerce list,89,20,22,,"Adwords top, Sitelinks, Featured snippet, Thumbnail, People also ask",klavio.com,0.909090909
24344,N,hubspot ecommerce,98,150,21,,"Adwords top, Sitelinks, People also ask, Top stories, Thumbnail, Image pack, Adwords bottom",klavio.com,7.142857143
24371,N,ecommerce company list,98,150,14,,"Adwords top, Sitelinks, Featured snippet, Thumbnail, People also ask, Image pack",klavio.com,10.71428571
24551,N,introduction to ecommerce,90,20,22,,"Featured snippet, Thumbnail, People also ask, Top stories, Sitelinks",klavio.com,0.909090909
29024,M,ecommerce marketing tips,48,40,20,,"Featured snippet, Thumbnail, Top stories, People also ask, Adwords bottom, Sitelinks",springbot.com,2
24663,N,html ecommerce,93,20,12,,"Adwords top, Sitelinks, Top stories, Thumbnail, Knowledge panel",klavio.com,1.666666667
29661,M,ecommerce ideas 2016,68,40,12,,"Adwords top, Sitelinks, Featured snippet, People also ask, Image pack",springbot.com,3.333333333
24823,N,best ecommerce loyalty programs,91,10,20,,"Featured snippet, Thumbnail, Sitelinks, People also ask, Adwords bottom",klavio.com,0.5
24848,N,ecommerce blog template,95,30,5,,"Adwords top, Sitelinks, Top stories, Thumbnail, Video, Adwords bottom, Knowledge panel",klavio.com,6
24912,N,ecommerce responsive templates,94,20,29,,"Adwords top, Sitelinks, Shopping results, Thumbnail",klavio.com,0.689655172
24915,N,ecommerce programs,92,10,3,,"Featured snippet, Thumbnail, People also ask",klavio.com,3.333333333
24940,N,ecommerce ranking,96,30,23,,"Adwords top, Sitelinks, Featured snippet, People also ask, Top stories, Thumbnail",klavio.com,1.304347826
25033,N,executives at a small ecommerce,100,60,22,,"Adwords bottom, Sitelinks",klavio.com,2.727272727
25160,N,squarespace ecommerce api,97,20,4,,"Adwords top, Sitelinks, People also ask, Top stories, Thumbnail",klavio.com,5
25162,N,ecommerce marketing companies,98,20,12,,"Featured snippet, Thumbnail, Sitelinks, People also ask, Adwords bottom",klavio.com,1.666666667
25164,N,ecommerce app template,97,20,1,,"Sitelinks, Top stories, Thumbnail",klavio.com,20
32,M,apttus ecommerce,12,30,1,,"Adwords top, Sitelinks, Top stories, Thumbnail, Image pack, Adwords bottom",apptus.com,30
25245,N,effective ecommerce,101,40,28,,"Adwords top, Sitelinks, Top stories, Thumbnail, People also ask",klavio.com,1.428571429
25297,N,germany ecommerce,99,20,9,,"Adwords top, Sitelinks, Top stories, Thumbnail, Knowledge panel",klavio.com,2.222222222
25305,N,ecommerce crm strategy,97,10,2,,"Adwords top, Sitelinks, Featured snippet, Thumbnail, People also ask, Adwords bottom",klavio.com,5
25347,N,largest ecommerce companies by revenue,101,20,18,,"Adwords top, Sitelinks, Featured snippet, People also ask, Adwords bottom",klavio.com,1.111111111
25390,N,terms of service generator ecommerce,99,10,40,,"Adwords top, Sitelinks, Top stories, Thumbnail, People also ask, Adwords bottom",klavio.com,0.25
25743,N,ecommerce inspector,21,200,15,,"Adwords top, Sitelinks, Top stories, Thumbnail",monetate.com,13.33333333
25953,N,pdp ecommerce,24,60,1,,"Featured snippet, People also ask",monetate.com,60
26126,N,gartner ecommerce,29,20,15,,"Adwords top, Sitelinks, People also ask, Adwords bottom, Knowledge panel",monetate.com,1.333333333
328,M,ecommerce promotion,80,30,24,,"Adwords top, Sitelinks, Featured snippet, Thumbnail, People also ask, Image pack, Top stories",apptus.com,1.25
26194,N,machine learning for ecommerce,33,20,6,,"Adwords top, Sitelinks, Featured snippet, Thumbnail, Top stories, Adwords bottom",monetate.com,3.333333333
26236,N,kibo ecommerce,43,100,1,,"Adwords top, Sitelinks, People also ask, Top stories, Thumbnail, Image pack",monetate.com,100
17478,M,new trends in ecommerce,37,30,32,,"Adwords top, Sitelinks, Featured snippet, Thumbnail, People also ask, Top stories, Adwords bottom",klavio.com,0.9375
26416,L,machine learning ecommerce,44,20,6,,"Adwords top, Sitelinks, Top stories, Thumbnail, Adwords bottom, Knowledge panel",monetate.com,3.333333333
26581,N,apple ecommerce,67,700,15,,"Sitelinks, People also ask",monetate.com,46.66666667
26719,N,ecommerce momentum,66,200,1,,"Sitelinks, Image pack",monetate.com,200
19860,M,latest ecommerce trends,57,30,34,,"Adwords top, Sitelinks, People also ask, Adwords bottom",klavio.com,0.882352941
26928,N,weblink ecommerce,68,40,2,,Sitelinks,monetate.com,20
26956,N,ecommerce report,70,50,13,,"Adwords top, Sitelinks, Top stories, Thumbnail, People also ask, Adwords bottom, Knowledge panel",monetate.com,3.846153846
26981,N,ecommerce wallpaper,69,30,2,,"Image pack, People also ask",monetate.com,15
27152,N,ecommerce 2015,83,150,7,,"Sitelinks, Top stories, Thumbnail, Image pack",monetate.com,21.42857143
27183,N,ecommerce purchase,74,20,32,,"Adwords top, Sitelinks, People also ask, Adwords bottom, Knowledge panel",monetate.com,0.625
27235,N,ecommerce planning,80,50,2,,"People also ask, Top stories, Thumbnail, Adwords bottom, Sitelinks",monetate.com,25
24763,H,ecommerce design trends,94,30,3,,"Adwords top, Sitelinks, Knowledge card, Top stories, Thumbnail, Adwords bottom",klavio.com,10
27334,N,learning ecommerce,84,50,30,,"Adwords top, Sitelinks, Top stories, Thumbnail, People also ask, Adwords bottom, Knowledge panel",monetate.com,1.666666667
27365,N,ecommerce reports,81,20,7,,"Adwords top, Sitelinks, Featured snippet, Top stories, Thumbnail, People also ask, Image pack, Adwords bottom",monetate.com,2.857142857
25172,H,ecommerce case studies,99,30,8,,People also ask,klavio.com,3.75
27453,N,ecommerce glossary,84,20,4,,"Sitelinks, Top stories, Thumbnail, Adwords bottom",monetate.com,5
28045,H,ecommerce personalization software,67,30,11,,"Adwords top, Sitelinks, People also ask, Adwords bottom",personyze.com,2.727272727
28351,M,ecommerce business strategy,18,30,16,,"Adwords top, Sitelinks, Featured snippet, Thumbnail, Top stories, Adwords bottom",springbot.com,1.875
27732,N,mean ecommerce,93,10,33,,"Adwords top, Sitelinks, People also ask, Top stories, Thumbnail, Knowledge panel",monetate.com,0.303030303
27748,N,big ecommerce sites,98,30,38,,"Adwords top, Sitelinks, Featured snippet, Thumbnail, People also ask",monetate.com,0.789473684
30031,H,grow ecommerce business,78,30,29,,"Adwords top, Sitelinks, Featured snippet, Thumbnail, People also ask, Top stories, Adwords bottom",springbot.com,1.034482759
27772,N,reebok ecommerce,98,20,1,,"Adwords top, Sitelinks, People also ask, Image pack, Video",monetate.com,20
30480,M,ebook ecommerce,93,30,25,,"Sitelinks, People also ask, Adwords bottom",springbot.com,1.2
28033,N,ecommerce example,71,250,17,,"Adwords top, Sitelinks, Featured snippet, Thumbnail, People also ask, Image pack",personyze.com,14.70588235
145,M,what is ecommerce merchandising,36,20,4,,"Adwords top, Sitelinks, Featured snippet, People also ask, Top stories, Thumbnail, Adwords bottom",apptus.com,5
28074,N,ecommerce website examples,82,200,35,,"Adwords top, Sitelinks, Featured snippet, Thumbnail, People also ask, Image pack, Adwords bottom",personyze.com,5.714285714
28121,N,ecommerce website example,90,40,22,,"Adwords top, Sitelinks, People also ask",personyze.com,1.818181818
28177,N,practical ecommerce,11,400,2,,"Sitelinks, Tweet box, Top stories, Thumbnail, Image pack",springbot.com,200
241,H,ecommerce ux best practices,58,20,7,,"Featured snippet, Thumbnail, Sitelinks",apptus.com,2.857142857
12763,H,ecommerce merchandising best practices,65,20,5,,"Featured snippet, Sitelinks, People also ask, Top stories, Thumbnail, Adwords bottom",evergage.com,4
28205,N,top ecommerce industries,4,20,33,,"Adwords top, Sitelinks, People also ask, Adwords bottom",springbot.com,0.606060606
28209,N,furniture ecommerce,12,80,1,,"Adwords top, Sitelinks, Top stories, Thumbnail, People also ask, Adwords bottom, Knowledge panel",springbot.com,80
28211,N,ecommerce furniture,11,60,1,,"Sitelinks, Top stories, Thumbnail, People also ask, Adwords bottom, Knowledge panel",springbot.com,60
28228,N,spring ecommerce,13,80,26,,"Adwords top, Sitelinks, Top stories, Thumbnail, Image pack",springbot.com,3.076923077
13462,M,ecommerce trends forrester,80,20,2,,"Adwords top, Sitelinks, Image pack, Video, Adwords bottom",evergage.com,10
28254,N,ecommerce strategy,20,200,17,,"Adwords top, Sitelinks, Featured snippet, Thumbnail, People also ask, Image pack, Adwords bottom",springbot.com,11.76470588
28260,N,ecommerce industries inc,14,50,1,,"Adwords top, Sitelinks",springbot.com,50
16537,M,current trends in ecommerce,27,20,35,,"Adwords top, Sitelinks, Featured snippet, Thumbnail, People also ask",klavio.com,0.571428571
28271,N,ecommerce expo south florida,11,20,1,,"Top stories, Thumbnail",springbot.com,20
28310,N,ecommerce school,16,30,8,,"Sitelinks, People also ask, Top stories, Thumbnail, Video",springbot.com,3.75
28323,N,food ecommerce,20,70,5,,"Sitelinks, Top stories, Thumbnail, Knowledge panel",springbot.com,14
28332,N,smb ecommerce,15,20,1,,"Adwords top, Sitelinks, Top stories, Thumbnail, People also ask, Adwords bottom, Knowledge panel",springbot.com,20
28335,N,ecommerce categories,20,50,6,,"Featured snippet, Image pack, Top stories, Thumbnail",springbot.com,8.333333333
17131,M,ecommerce ebook,33,20,24,,"Adwords top, Sitelinks, People also ask",klavio.com,0.833333333
18091,M,ecommerce tips and tricks,41,20,26,,"Adwords top, Sitelinks, Knowledge card, Top stories, Thumbnail, People also ask",klavio.com,0.769230769
20063,H,enterprise ecommerce software,57,20,17,,"Sitelinks, People also ask, Video",klavio.com,1.176470588
20495,M,ecommerce tool,60,20,8,,"Adwords top, People also ask, Sitelinks, Adwords bottom, Knowledge panel",klavio.com,2.5
28416,N,why ecommerce is important,24,50,1,,"Featured snippet, Thumbnail, Top stories, Adwords bottom, Sitelinks",springbot.com,50
28449,N,blog ecommerce,23,30,16,,"Adwords top, Sitelinks, People also ask, Adwords bottom, Knowledge panel",springbot.com,1.875
28514,N,blogger ecommerce,22,10,3,,"Adwords top, Sitelinks, People also ask, Top stories, Thumbnail, Adwords bottom, Knowledge panel",springbot.com,3.333333333
28571,N,aov ecommerce,32,60,25,,"Adwords top, Sitelinks, People also ask",springbot.com,2.4
28686,N,ecommerce exchange,38,80,24,,"Adwords top, Sitelinks, People also ask, Top stories, Thumbnail",springbot.com,3.333333333
28721,N,ecommerce blog,48,500,16,,"People also ask, Knowledge panel",springbot.com,31.25
28727,N,fastest growing ecommerce companies,40,90,11,,"Sitelinks, People also ask, Video, Adwords bottom",springbot.com,8.181818182
22377,M,sales funnel ecommerce,73,20,14,,"Sitelinks, People also ask, Top stories, Thumbnail, Adwords bottom, Knowledge panel",klavio.com,1.428571429
28760,N,best ecommerce emails,35,20,33,,"Adwords top, Sitelinks, Featured snippet, People also ask, Adwords bottom",springbot.com,0.606060606
28859,N,alcohol ecommerce,38,20,4,,People also ask,springbot.com,5
28902,N,ecommerce 2014,42,30,7,,"People also ask, Top stories, Thumbnail",springbot.com,4.285714286
23956,M,software for ecommerce business,86,20,37,,"Adwords top, Sitelinks, Featured snippet, Thumbnail, People also ask, Adwords bottom",klavio.com,0.540540541
29010,N,beauty ecommerce,49,60,5,,"Adwords top, Sitelinks, Top stories, Thumbnail, Knowledge panel",springbot.com,12
29012,N,ecommerce emails,44,20,21,,"Adwords top, Sitelinks, People also ask, Top stories, Thumbnail, Adwords bottom, Knowledge panel",springbot.com,0.952380952
24295,M,ecommerce campaigns,88,20,3,,"People also ask, Adwords bottom, Sitelinks",klavio.com,6.666666667
26879,H,how to calculate ecommerce conversion rate,63,20,9,,"Featured snippet, Thumbnail, People also ask",monetate.com,2.222222222
29060,N,ecommerce outdoors,36,20,1,Image pack,"Image pack, Adwords bottom, Sitelinks",springbot.com,20
29083,N,ecommerce platforms 2017,48,30,26,,"Adwords top, Sitelinks, Featured snippet, Thumbnail, People also ask, Image pack, Top stories",springbot.com,1.153846154
29151,N,custom ecommerce packaging,50,20,31,,"Adwords top, Sitelinks, Top stories, Thumbnail, People also ask, Adwords bottom",springbot.com,0.64516129
29185,N,ecommerce jewelry,51,20,5,,"Adwords top, Sitelinks, People also ask, Top stories, Thumbnail, Adwords bottom, Knowledge panel",springbot.com,4
29186,N,ecommerce times,58,100,11,,"Sitelinks, People also ask, Image pack",springbot.com,9.090909091
29194,N,ecommerce expert,57,80,7,,"People also ask, Top stories, Thumbnail, Knowledge panel",springbot.com,11.42857143
29307,N,ecommerce faqs,54,20,9,,"Sitelinks, People also ask",springbot.com,2.222222222
29309,N,ecommerce quiz,54,20,2,,"Top stories, Thumbnail, Video, Adwords bottom, Sitelinks",springbot.com,10
29348,N,ecommerce first data,56,20,5,,"Adwords top, Sitelinks, People also ask, Top stories, Thumbnail, Adwords bottom",springbot.com,4
27877,H,ecommerce product recommendations,15,20,8,,"Featured snippet, Thumbnail, Sitelinks, People also ask, Top stories, Adwords bottom",personyze.com,2.5
28193,M,ecommerce customer acquisition,4,20,7,,"Adwords top, Sitelinks, People also ask, Adwords bottom",springbot.com,2.857142857
29402,N,ecommerce tips,67,200,26,,"Adwords top, Sitelinks, Featured snippet, People also ask, Top stories, Thumbnail",springbot.com,7.692307692
28396,M,ecommerce marketing software,17,20,30,,"Adwords top, Sitelinks, People also ask, Adwords bottom",springbot.com,0.666666667
29429,N,ecommerce resources,60,30,4,,"Adwords top, Sitelinks, Featured snippet, Thumbnail, Adwords bottom",springbot.com,7.5
29469,N,ecommerce email marketing automation,62,40,39,,"Adwords top, Sitelinks, Featured snippet, Thumbnail, Top stories, People also ask, Adwords bottom",springbot.com,1.025641026
29493,N,ecommerce from home,58,10,26,,"People also ask, Top stories, Thumbnail",springbot.com,0.384615385
29506,N,ecommerce blogs,74,350,11,,"Featured snippet, Thumbnail, Sitelinks, People also ask, Adwords bottom",springbot.com,31.81818182
29513,N,importance of ecommerce,64,40,3,,"Featured snippet, Thumbnail, People also ask",springbot.com,13.33333333
29525,N,why is ecommerce important,64,40,4,,"Featured snippet, Thumbnail",springbot.com,10
29052,M,ecommerce retargeting,46,20,6,,"Sitelinks, Top stories, Thumbnail, People also ask, Adwords bottom",springbot.com,3.333333333
29582,N,ecommerce analytics dashboard,61,10,4,,"Adwords top, Sitelinks, Top stories, Thumbnail, People also ask, Adwords bottom",springbot.com,2.5
29592,N,ecommerce hq,63,20,7,,"Adwords top, Sitelinks, Top stories, Thumbnail, Image pack",springbot.com,2.857142857
29593,N,first data ecommerce,79,700,10,,"Adwords top, Sitelinks, People also ask, Top stories, Thumbnail",springbot.com,70
29636,N,ecommerce email design,62,10,13,,"Adwords top, Sitelinks, Image pack, People also ask, Adwords bottom",springbot.com,0.769230769
29649,N,ecommerce email,70,70,34,,"Adwords top, Sitelinks, Featured snippet, Thumbnail, People also ask, Top stories, Image pack, Adwords bottom",springbot.com,2.058823529
29526,H,ecommerce white papers,61,20,1,,"Adwords top, Sitelinks",springbot.com,20
29847,M,ecommerce strategy plan,71,20,12,,"Featured snippet, Thumbnail, People also ask, Image pack, Adwords bottom, Sitelinks",springbot.com,1.666666667
29682,N,ecommerce checkout,72,80,19,,"Adwords top, Sitelinks, People also ask, Top stories, Thumbnail, Image pack, Adwords bottom",springbot.com,4.210526316
29742,N,onestop ecommerce,68,20,4,,"Adwords top, Sitelinks, Top stories, Thumbnail",springbot.com,5
29778,L,ecommerce marketing company,74,70,12,,"Sitelinks, People also ask, Adwords bottom",springbot.com,5.833333333
29801,N,ecommerce merchants,76,80,8,,"Adwords top, Sitelinks, People also ask, Top stories, Thumbnail, Adwords bottom, Knowledge panel",springbot.com,10
29802,N,successful ecommerce,70,20,39,,"People also ask, Sitelinks, Top stories, Thumbnail, Knowledge panel",springbot.com,0.512820513
30477,M,best ecommerce marketing,90,20,38,,"Featured snippet, Thumbnail, Sitelinks, People also ask, Top stories",springbot.com,0.526315789
322,M,best ecommerce promotions,74,10,30,,"Featured snippet, People also ask, Top stories, Thumbnail",apptus.com,0.333333333
29973,N,social ecommerce platforms,75,20,37,,"Featured snippet, Thumbnail, Sitelinks, People also ask",springbot.com,0.540540541
29982,N,ecommerce funding,74,20,2,,"Adwords top, Sitelinks, Top stories, Thumbnail, Adwords bottom",springbot.com,10
10149,H,ecommerce shopping cart best practices,12,10,3,,"Featured snippet, Thumbnail, Sitelinks, People also ask, Top stories, Adwords bottom",evergage.com,3.333333333
30008,N,ecommerce feature,80,50,15,,"Adwords top, Sitelinks, Featured snippet, Thumbnail, People also ask, Adwords bottom",springbot.com,3.333333333
30016,N,ecommerce ebooks,76,20,11,,"People also ask, Top stories, Thumbnail",springbot.com,1.818181818
11281,H,b2b ecommerce best practices,35,10,1,,"Adwords top, Sitelinks, Featured snippet, Thumbnail, Top stories, Adwords bottom",evergage.com,10
15016,H,ecommerce integrations,8,10,4,,"Featured snippet, Thumbnail, People also ask, Top stories",klavio.com,2.5
30041,N,ecommerce data,86,200,20,,"Sitelinks, People also ask, Adwords bottom",springbot.com,10
30046,N,ecommercer inc,77,20,17,,People also ask,springbot.com,1.176470588
30065,N,first data/ecommerce,76,10,3,,"People also ask, Top stories, Thumbnail",springbot.com,3.333333333
19964,M,churn rate ecommerce,54,10,10,,"Featured snippet, Thumbnail, People also ask, Image pack",klavio.com,1
30204,N,ecommerce demo,81,20,24,,"Adwords top, Sitelinks, Top stories, Thumbnail, Video, Adwords bottom, Knowledge panel",springbot.com,0.833333333
30316,N,ecommerce executive,84,10,1,,"Featured snippet, Image pack",springbot.com,10
30364,N,best selling ecommerce products 2017,88,20,31,,"Adwords top, Sitelinks, People also ask, Top stories, Thumbnail",springbot.com,0.64516129
30380,N,largest ecommerce companies,101,350,18,,"Adwords top, Sitelinks, Featured snippet, Thumbnail, People also ask",springbot.com,19.44444444
30381,N,one stop ecommerce,94,70,4,,"Adwords top, Sitelinks, Top stories, Thumbnail, Image pack, Adwords bottom",springbot.com,17.5
30398,N,branded online ecommerce,90,30,8,,"Sitelinks, Top stories, Thumbnail, Image pack",springbot.com,3.75
30409,N,ecommerce 2017,91,30,30,,"People also ask, Image pack, Top stories, Thumbnail, Video",springbot.com,1
30413,N,ecommerce email subject lines,87,10,34,,"Adwords top, Sitelinks, Featured snippet, Thumbnail, People also ask",springbot.com,0.294117647
30425,N,ecommerce email marketing software,93,40,39,,"Adwords top, Sitelinks, People also ask, Adwords bottom",springbot.com,1.025641026
30472,N,amazon ecommerce strategy,95,50,1,,"People also ask, Image pack, Adwords bottom, Sitelinks",springbot.com,50
21517,M,ecommerce customer retention,66,10,8,,"Featured snippet, Thumbnail, People also ask, Sitelinks, Adwords bottom",klavio.com,1.25
23426,M,ecommerce marketing funnel,80,10,14,,"Adwords top, Sitelinks, People also ask, Top stories, Thumbnail, Adwords bottom",klavio.com,0.714285714
30485,N,facebook ads for ecommerce,100,150,16,,"Top stories, Thumbnail, People also ask, Adwords bottom, Sitelinks",springbot.com,9.375
30503,N,ecommerce big data,92,20,11,,"Adwords top, Sitelinks, People also ask, Top stories, Thumbnail, Adwords bottom, Knowledge panel",springbot.com,1.818181818
30505,N,successful ecommerce stores,94,30,39,,"Sitelinks, People also ask",springbot.com,0.769230769
30510,N,ecommerce analytics software,92,20,15,,"Adwords top, Sitelinks, People also ask, Adwords bottom",springbot.com,1.333333333
30515,N,learn ecommerce,100,100,39,,"Adwords top, Sitelinks, People also ask, Top stories, Thumbnail, Adwords bottom, Knowledge panel",springbot.com,2.564102564
30534,N,car ecommerce,91,10,4,,"Adwords top, Sitelinks, Video, Adwords bottom, Knowledge panel",springbot.com,2.5
30556,N,faq ecommerce,95,20,12,,"Adwords top, Sitelinks, People also ask, Knowledge panel",springbot.com,1.666666667
30616,N,live chat ecommerce,97,20,9,,"Adwords top, Sitelinks, Top stories, Thumbnail, People also ask, Adwords bottom",springbot.com,2.222222222
30626,N,making a living with ecommerce,99,30,23,,"Adwords top, Sitelinks, Featured snippet, People also ask, Top stories, Thumbnail",springbot.com,1.304347826
30633,N,masters in ecommerce,100,30,1,,People also ask,springbot.com,30
30644,N,features of ecommerce,99,20,14,,"Featured snippet, Thumbnail, Top stories",springbot.com,1.428571429
30653,N,ecommerce loyalty software,98,10,26,,"Sitelinks, People also ask",springbot.com,0.384615385
30667,N,firstdata/ecommerce,101,10,12,,"People also ask, Top stories, Thumbnail",springbot.com,0.833333333
